id,entry_num,tag1,tag2,company,title,url
0,3051,Webエンジニア,学生インターン,TOWN株式会社,大学生同士でプログラミングが学べる大学生アルバイトWANTED！,https://www.wantedly.com/projects/16287?filter_params%5Bauthorized%5D=true&filter_params%5Bcategory%5D=normal&filter_params%5Bcountry%5D=japan&filter_params%5Bkeywords%5D%5B%5D=%E3%82%A2%E3%83%AB%E3%83%90%E3%82%A4%E3%83%88&filter_params%5Blocations%5D%5B%5D=kanto&filter_params%5Boccupation_types%5D%5B%5D=jp__engineering&filter_type=mixed&list=1&page=1&show_working_friends=false
1,21,新卒採用／オープン募集,,ディップ株式会社,23卒歓迎！毎年新卒も積極採用中のAI/新規事業開発チームで働いてみない？,https://www.wantedly.com/projects/525567?filter_params%5Bauthorized%5D=true&filter_params%5Bcategory%5D=normal&filter_params%5Bcountry%5D=japan&filter_params%5Bkeywords%5D%5B%5D=%E3%82%A2%E3%83%AB%E3%83%90%E3%82%A4%E3%83%88&filter_params%5Blocations%5D%5B%5D=kanto&filter_params%5Boccupation_types%5D%5B%5D=jp__engineering&filter_type=mixed&list=2&page=1&show_working_friends=false
2,868,エンジニア,,株式会社フェルマー,有給インターン・学生アルバイト長期歓迎！学生エンジニアウォンテッド！,https://www.wantedly.com/projects/42840?filter_params%5Bauthorized%5D=true&filter_params%5Bcategory%5D=normal&filter_params%5Bcountry%5D=japan&filter_params%5Bkeywords%5D%5B%5D=%E3%82%A2%E3%83%AB%E3%83%90%E3%82%A4%E3%83%88&filter_params%5Blocations%5D%5B%5D=kanto&filter_params%5Boccupation_types%5D%5B%5D=jp__engineering&filter_type=mixed&list=3&page=1&show_working_friends=false
3,42,23卒・24卒・25卒,学生インターン,弁護士ドットコム株式会社,チーム開発の経験を積みたいWebエンジニア志望のインターン募集！,https://www.wantedly.com/projects/836466?filter_params%5Bauthorized%5D=true&filter_params%5Bcategory%5D=normal&filter_params%5Bcountry%5D=japan&filter_params%5Bkeywords%5D%5B%5D=%E3%82%A2%E3%83%AB%E3%83%90%E3%82%A4%E3%83%88&filter_params%5Blocations%5D%5B%5D=kanto&filter_params%5Boccupation_types%5D%5B%5D=jp__engineering&filter_type=mixed&list=4&page=1&show_working_friends=false
4,19,エンジニア（有給インターン）,学生インターン,note株式会社,noteがエンジニアインターンを募集中！本気でスキルを身に付けたい方歓迎,https://www.wantedly.com/projects/1077813?filter_params%5Bauthorized%5D=true&filter_params%5Bcategory%5D=normal&filter_params%5Bcountry%5D=japan&filter_params%5Bkeywords%5D%5B%5D=%E3%82%A2%E3%83%AB%E3%83%90%E3%82%A4%E3%83%88&filter_params%5Blocations%5D%5B%5D=kanto&filter_params%5Boccupation_types%5D%5B%5D=jp__engineering&filter_type=mixed&list=5&page=1&show_working_friends=false
5,29,品質管理・テスター,,株式会社GIG,短時間からOK！テスター業務を行ってくれるインターン・アルバイトを募集,https://www.wantedly.com/projects/636681?filter_params%5Bauthorized%5D=true&filter_params%5Bcategory%5D=normal&filter_params%5Bcountry%5D=japan&filter_params%5Bkeywords%5D%5B%5D=%E3%82%A2%E3%83%AB%E3%83%90%E3%82%A4%E3%83%88&filter_params%5Blocations%5D%5B%5D=kanto&filter_params%5Boccupation_types%5D%5B%5D=jp__engineering&filter_type=mixed&list=6&page=1&show_working_friends=false
6,5,AIエンジニア,学生インターン,株式会社ＧＡＵＳＳ,文系OK/学生インターン募集中！AI開発に関わるPC作業・PJ進行サポート,https://www.wantedly.com/projects/1077921?filter_params%5Bauthorized%5D=true&filter_params%5Bcategory%5D=normal&filter_params%5Bcountry%5D=japan&filter_params%5Bkeywords%5D%5B%5D=%E3%82%A2%E3%83%AB%E3%83%90%E3%82%A4%E3%83%88&filter_params%5Blocations%5D%5B%5D=kanto&filter_params%5Boccupation_types%5D%5B%5D=jp__engineering&filter_type=mixed&list=7&page=1&show_working_friends=false
7,2,エンジニア,パートタイム・契約,REALITY株式会社,アルバイト募集！メタバース領域のサービス開発のUnityエンジニア,https://www.wantedly.com/projects/900758?filter_params%5Bauthorized%5D=true&filter_params%5Bcategory%5D=normal&filter_params%5Bcountry%5D=japan&filter_params%5Bkeywords%5D%5B%5D=%E3%82%A2%E3%83%AB%E3%83%90%E3%82%A4%E3%83%88&filter_params%5Blocations%5D%5B%5D=kanto&filter_params%5Boccupation_types%5D%5B%5D=jp__engineering&filter_type=mixed&list=8&page=1&show_working_friends=false
8,0,エンジニアリング,パートタイム・契約,WHILL Inc,自動運転モビリティのソフトウェア開発をおまかせできるアルバイト募集！,https://www.wantedly.com/projects/1068964?filter_params%5Bauthorized%5D=true&filter_params%5Bcategory%5D=normal&filter_params%5Bcountry%5D=japan&filter_params%5Bkeywords%5D%5B%5D=%E3%82%A2%E3%83%AB%E3%83%90%E3%82%A4%E3%83%88&filter_params%5Blocations%5D%5B%5D=kanto&filter_params%5Boccupation_types%5D%5B%5D=jp__engineering&filter_type=mixed&list=9&page=1&show_working_friends=false
9,71,AIエンジニア（インターン）,,株式会社Ridge-i,最先端の技術を学びながら社会実装したい！インターンAIエンジニア募集,https://www.wantedly.com/projects/518469?filter_params%5Bauthorized%5D=true&filter_params%5Bcategory%5D=normal&filter_params%5Bcountry%5D=japan&filter_params%5Bkeywords%5D%5B%5D=%E3%82%A2%E3%83%AB%E3%83%90%E3%82%A4%E3%83%88&filter_params%5Blocations%5D%5B%5D=kanto&filter_params%5Boccupation_types%5D%5B%5D=jp__engineering&filter_type=mixed&list=10&page=1&show_working_friends=false
10,12,ネットワークエンジニア,学生インターン,アルテリア・ネットワークス株式会社,学生アルバイト募集！基幹ビジネスであるネットワークの現場で差をつけよう！,https://www.wantedly.com/projects/827748?filter_params%5Bauthorized%5D=true&filter_params%5Bcategory%5D=normal&filter_params%5Bcountry%5D=japan&filter_params%5Bkeywords%5D%5B%5D=%E3%82%A2%E3%83%AB%E3%83%90%E3%82%A4%E3%83%88&filter_params%5Blocations%5D%5B%5D=kanto&filter_params%5Boccupation_types%5D%5B%5D=jp__engineering&filter_type=mixed&list=1&page=2&show_working_friends=false
11,2,フロントエンドエンジニア,学生インターン,株式会社キャブ,Webサイトの制作から運用まで幅広く学べるインターンバイト,https://www.wantedly.com/projects/1084385?filter_params%5Bauthorized%5D=true&filter_params%5Bcategory%5D=normal&filter_params%5Bcountry%5D=japan&filter_params%5Bkeywords%5D%5B%5D=%E3%82%A2%E3%83%AB%E3%83%90%E3%82%A4%E3%83%88&filter_params%5Blocations%5D%5B%5D=kanto&filter_params%5Boccupation_types%5D%5B%5D=jp__engineering&filter_type=mixed&list=2&page=2&show_working_friends=false
12,110,WEBデザイン・コーディングサ,,株式会社ティー・シー・ケー・ワークショップ,HTML/CSSを使った実務経験を積みたい学生をWANTED！,https://www.wantedly.com/projects/310800?filter_params%5Bauthorized%5D=true&filter_params%5Bcategory%5D=normal&filter_params%5Bcountry%5D=japan&filter_params%5Bkeywords%5D%5B%5D=%E3%82%A2%E3%83%AB%E3%83%90%E3%82%A4%E3%83%88&filter_params%5Blocations%5D%5B%5D=kanto&filter_params%5Boccupation_types%5D%5B%5D=jp__engineering&filter_type=mixed&list=3&page=2&show_working_friends=false
13,64,回路設計エンジニア/インターン,学生インターン,株式会社ASTINA,電気や回路に興味のある学生アルバイト募集！AIxロボットスタートアップ,https://www.wantedly.com/projects/151870?filter_params%5Bauthorized%5D=true&filter_params%5Bcategory%5D=normal&filter_params%5Bcountry%5D=japan&filter_params%5Bkeywords%5D%5B%5D=%E3%82%A2%E3%83%AB%E3%83%90%E3%82%A4%E3%83%88&filter_params%5Blocations%5D%5B%5D=kanto&filter_params%5Boccupation_types%5D%5B%5D=jp__engineering&filter_type=mixed&list=4&page=2&show_working_friends=false
14,37,未経験 WEB アプリ 研修,,株式会社トラストコーポレーション,人物重視で経験０から始めるWEBエンジニアを大募集！,https://www.wantedly.com/projects/801830?filter_params%5Bauthorized%5D=true&filter_params%5Bcategory%5D=normal&filter_params%5Bcountry%5D=japan&filter_params%5Bkeywords%5D%5B%5D=%E3%82%A2%E3%83%AB%E3%83%90%E3%82%A4%E3%83%88&filter_params%5Blocations%5D%5B%5D=kanto&filter_params%5Boccupation_types%5D%5B%5D=jp__engineering&filter_type=mixed&list=5&page=2&show_working_friends=false
15,181,システムエンジニア,,株式会社pluszero,オンライン勤務可○学びながら働く環境！東大発ベンチャーのWebエンジニア,https://www.wantedly.com/projects/471023?filter_params%5Bauthorized%5D=true&filter_params%5Bcategory%5D=normal&filter_params%5Bcountry%5D=japan&filter_params%5Bkeywords%5D%5B%5D=%E3%82%A2%E3%83%AB%E3%83%90%E3%82%A4%E3%83%88&filter_params%5Blocations%5D%5B%5D=kanto&filter_params%5Boccupation_types%5D%5B%5D=jp__engineering&filter_type=mixed&list=6&page=2&show_working_friends=false
16,17,学生インターン,,株式会社プレミアムアーツ,最新のARアプリやスマホゲーム制作に関われる！学生インターンWANTED！,https://www.wantedly.com/projects/402018?filter_params%5Bauthorized%5D=true&filter_params%5Bcategory%5D=normal&filter_params%5Bcountry%5D=japan&filter_params%5Bkeywords%5D%5B%5D=%E3%82%A2%E3%83%AB%E3%83%90%E3%82%A4%E3%83%88&filter_params%5Blocations%5D%5B%5D=kanto&filter_params%5Boccupation_types%5D%5B%5D=jp__engineering&filter_type=mixed&list=7&page=2&show_working_friends=false
17,407,在宅フロントエンドエンジニア,,株式会社COLORFULLY,自宅で開発＆働き方は自由！Vue・Reactフロントエンドエンジニア募集,https://www.wantedly.com/projects/506707?filter_params%5Bauthorized%5D=true&filter_params%5Bcategory%5D=normal&filter_params%5Bcountry%5D=japan&filter_params%5Bkeywords%5D%5B%5D=%E3%82%A2%E3%83%AB%E3%83%90%E3%82%A4%E3%83%88&filter_params%5Blocations%5D%5B%5D=kanto&filter_params%5Boccupation_types%5D%5B%5D=jp__engineering&filter_type=mixed&list=8&page=2&show_working_friends=false
18,2,エンジニアリング,パートタイム・契約,株式会社エイチーム,名古屋 東京 Qiita アプリケーションエンジニア アルバイト,https://www.wantedly.com/projects/1084908?filter_params%5Bauthorized%5D=true&filter_params%5Bcategory%5D=normal&filter_params%5Bcountry%5D=japan&filter_params%5Bkeywords%5D%5B%5D=%E3%82%A2%E3%83%AB%E3%83%90%E3%82%A4%E3%83%88&filter_params%5Blocations%5D%5B%5D=kanto&filter_params%5Boccupation_types%5D%5B%5D=jp__engineering&filter_type=mixed&list=9&page=2&show_working_friends=false
19,1,デバッガー,パートタイム・契約,クラスター株式会社,ポテンシャルOK!clusterの開発を加速するQAテスターアルバイト募集,https://www.wantedly.com/projects/1067316?filter_params%5Bauthorized%5D=true&filter_params%5Bcategory%5D=normal&filter_params%5Bcountry%5D=japan&filter_params%5Bkeywords%5D%5B%5D=%E3%82%A2%E3%83%AB%E3%83%90%E3%82%A4%E3%83%88&filter_params%5Blocations%5D%5B%5D=kanto&filter_params%5Boccupation_types%5D%5B%5D=jp__engineering&filter_type=mixed&list=10&page=2&show_working_friends=false
20,2,テスター,パートタイム・契約,BRANU株式会社,若手歓迎！建設業界の課題に挑む、テスター募集！,https://www.wantedly.com/projects/707761?filter_params%5Bauthorized%5D=true&filter_params%5Bcategory%5D=normal&filter_params%5Bcountry%5D=japan&filter_params%5Bkeywords%5D%5B%5D=%E3%82%A2%E3%83%AB%E3%83%90%E3%82%A4%E3%83%88&filter_params%5Blocations%5D%5B%5D=kanto&filter_params%5Boccupation_types%5D%5B%5D=jp__engineering&filter_type=mixed&list=1&page=3&show_working_friends=false
21,10,Web制作｜Webクリエイター,パートタイム・契約,株式会社エクスコア,ジョブチェンジ歓迎！デザインも実装もできるエンジニアを目指しませんか？,https://www.wantedly.com/projects/768312?filter_params%5Bauthorized%5D=true&filter_params%5Bcategory%5D=normal&filter_params%5Bcountry%5D=japan&filter_params%5Bkeywords%5D%5B%5D=%E3%82%A2%E3%83%AB%E3%83%90%E3%82%A4%E3%83%88&filter_params%5Blocations%5D%5B%5D=kanto&filter_params%5Boccupation_types%5D%5B%5D=jp__engineering&filter_type=mixed&list=2&page=3&show_working_friends=false
22,7,Webエンジニア,,アクシスイノベーション株式会社,東京勤務！！｜経験豊富なメンバーと共に成長したい！WEBエンジニア募集！,https://www.wantedly.com/projects/763832?filter_params%5Bauthorized%5D=true&filter_params%5Bcategory%5D=normal&filter_params%5Bcountry%5D=japan&filter_params%5Bkeywords%5D%5B%5D=%E3%82%A2%E3%83%AB%E3%83%90%E3%82%A4%E3%83%88&filter_params%5Blocations%5D%5B%5D=kanto&filter_params%5Boccupation_types%5D%5B%5D=jp__engineering&filter_type=mixed&list=3&page=3&show_working_friends=false
23,3,データアナリスト,,bitFlyer,新規ユーザー獲得のためにデータ分析を行うデータアナリストを募集！,https://www.wantedly.com/projects/1057676?filter_params%5Bauthorized%5D=true&filter_params%5Bcategory%5D=normal&filter_params%5Bcountry%5D=japan&filter_params%5Bkeywords%5D%5B%5D=%E3%82%A2%E3%83%AB%E3%83%90%E3%82%A4%E3%83%88&filter_params%5Blocations%5D%5B%5D=kanto&filter_params%5Boccupation_types%5D%5B%5D=jp__engineering&filter_type=mixed&list=4&page=3&show_working_friends=false
24,6,未経験からエンジニア,,株式会社LIM,経験ゼロ×自社教育！最短・最速でフリーランスエンジニア！,https://www.wantedly.com/projects/1052365?filter_params%5Bauthorized%5D=true&filter_params%5Bcategory%5D=normal&filter_params%5Bcountry%5D=japan&filter_params%5Bkeywords%5D%5B%5D=%E3%82%A2%E3%83%AB%E3%83%90%E3%82%A4%E3%83%88&filter_params%5Blocations%5D%5B%5D=kanto&filter_params%5Boccupation_types%5D%5B%5D=jp__engineering&filter_type=mixed&list=5&page=3&show_working_friends=false
25,2,バックエンドエンジニア,学生インターン,株式会社ZOZO,24新卒 就業型インターン｜基幹システム バックエンドエンジニア募集！,https://www.wantedly.com/projects/1064254?filter_params%5Bauthorized%5D=true&filter_params%5Bcategory%5D=normal&filter_params%5Bcountry%5D=japan&filter_params%5Bkeywords%5D%5B%5D=%E3%82%A2%E3%83%AB%E3%83%90%E3%82%A4%E3%83%88&filter_params%5Blocations%5D%5B%5D=kanto&filter_params%5Boccupation_types%5D%5B%5D=jp__engineering&filter_type=mixed&list=6&page=3&show_working_friends=false
26,341,在宅コーダー・コーディング,,日本ビジネスアート,全国どこでも働ける！大企業のWebサイト構築をするコーダー・FEを募集！,https://www.wantedly.com/projects/519839?filter_params%5Bauthorized%5D=true&filter_params%5Bcategory%5D=normal&filter_params%5Bcountry%5D=japan&filter_params%5Bkeywords%5D%5B%5D=%E3%82%A2%E3%83%AB%E3%83%90%E3%82%A4%E3%83%88&filter_params%5Blocations%5D%5B%5D=kanto&filter_params%5Boccupation_types%5D%5B%5D=jp__engineering&filter_type=mixed&list=7&page=3&show_working_friends=false
27,10,データサイエンティスト,,AnyMind Group,グローバルITメガベンチャーの急成長を支えるデータサイエンティスト募集！,https://www.wantedly.com/projects/675694?filter_params%5Bauthorized%5D=true&filter_params%5Bcategory%5D=normal&filter_params%5Bcountry%5D=japan&filter_params%5Bkeywords%5D%5B%5D=%E3%82%A2%E3%83%AB%E3%83%90%E3%82%A4%E3%83%88&filter_params%5Blocations%5D%5B%5D=kanto&filter_params%5Boccupation_types%5D%5B%5D=jp__engineering&filter_type=mixed&list=8&page=3&show_working_friends=false
28,5,機械学習エンジニア,,ファインディ株式会社,サービスの課題をアルゴリズムで解決する機械学習エンジニアを募集！,https://www.wantedly.com/projects/405072?filter_params%5Bauthorized%5D=true&filter_params%5Bcategory%5D=normal&filter_params%5Bcountry%5D=japan&filter_params%5Bkeywords%5D%5B%5D=%E3%82%A2%E3%83%AB%E3%83%90%E3%82%A4%E3%83%88&filter_params%5Blocations%5D%5B%5D=kanto&filter_params%5Boccupation_types%5D%5B%5D=jp__engineering&filter_type=mixed&list=9&page=3&show_working_friends=false
29,24,オープンポジション,学生インターン,株式会社リクルート,リクルートのエンジニア/データサイエンス領域で1ヶ月間の実践型アルバイト,https://www.wantedly.com/projects/1067292?filter_params%5Bauthorized%5D=true&filter_params%5Bcategory%5D=normal&filter_params%5Bcountry%5D=japan&filter_params%5Bkeywords%5D%5B%5D=%E3%82%A2%E3%83%AB%E3%83%90%E3%82%A4%E3%83%88&filter_params%5Blocations%5D%5B%5D=kanto&filter_params%5Boccupation_types%5D%5B%5D=jp__engineering&filter_type=mixed&list=10&page=3&show_working_friends=false
30,11,フロントエンド/リモート可,,株式会社ispec,場所も時間もフレキシブルに！働き方もデザインできるフロントエンドエンジニア,https://www.wantedly.com/projects/1036811?filter_params%5Bauthorized%5D=true&filter_params%5Bcategory%5D=normal&filter_params%5Bcountry%5D=japan&filter_params%5Bkeywords%5D%5B%5D=%E3%82%A2%E3%83%AB%E3%83%90%E3%82%A4%E3%83%88&filter_params%5Blocations%5D%5B%5D=kanto&filter_params%5Boccupation_types%5D%5B%5D=jp__engineering&filter_type=mixed&list=1&page=4&show_working_friends=false
31,892,フロントエンドデベロッパー,,株式会社 アカリ,フロントエンドを支えるアルバイト募集！,https://www.wantedly.com/projects/238133?filter_params%5Bauthorized%5D=true&filter_params%5Bcategory%5D=normal&filter_params%5Bcountry%5D=japan&filter_params%5Bkeywords%5D%5B%5D=%E3%82%A2%E3%83%AB%E3%83%90%E3%82%A4%E3%83%88&filter_params%5Blocations%5D%5B%5D=kanto&filter_params%5Boccupation_types%5D%5B%5D=jp__engineering&filter_type=mixed&list=2&page=4&show_working_friends=false
32,0,フロントエンドエンジニア,新卒,株式会社エーアイアカデミー,法人向けAI学習サービスを開発したいVueフロントエンジニア募集！,https://www.wantedly.com/projects/1068439?filter_params%5Bauthorized%5D=true&filter_params%5Bcategory%5D=normal&filter_params%5Bcountry%5D=japan&filter_params%5Bkeywords%5D%5B%5D=%E3%82%A2%E3%83%AB%E3%83%90%E3%82%A4%E3%83%88&filter_params%5Blocations%5D%5B%5D=kanto&filter_params%5Boccupation_types%5D%5B%5D=jp__engineering&filter_type=mixed&list=3&page=4&show_working_friends=false
33,7,フロントエンドエンジニア,,株式会社タイミー,持続可能性の探究と実現により急成長を牽引するフロントエンドエンジニア募集,https://www.wantedly.com/projects/893095?filter_params%5Bauthorized%5D=true&filter_params%5Bcategory%5D=normal&filter_params%5Bcountry%5D=japan&filter_params%5Bkeywords%5D%5B%5D=%E3%82%A2%E3%83%AB%E3%83%90%E3%82%A4%E3%83%88&filter_params%5Blocations%5D%5B%5D=kanto&filter_params%5Boccupation_types%5D%5B%5D=jp__engineering&filter_type=mixed&list=4&page=4&show_working_friends=false
34,16,開発アシスタントアルバイト,,株式会社ドリームオンライン,広島オフィス・アシスタント業務から、ソフトウェア開発に携わってみませんか？,https://www.wantedly.com/projects/309292?filter_params%5Bauthorized%5D=true&filter_params%5Bcategory%5D=normal&filter_params%5Bcountry%5D=japan&filter_params%5Bkeywords%5D%5B%5D=%E3%82%A2%E3%83%AB%E3%83%90%E3%82%A4%E3%83%88&filter_params%5Blocations%5D%5B%5D=kanto&filter_params%5Boccupation_types%5D%5B%5D=jp__engineering&filter_type=mixed&list=5&page=4&show_working_friends=false
35,58,Railsエンジニア,学生インターン,おいしい健康,食と健康のヘルステックサービスを支えるWebエンジニアの学生インターン募集,https://www.wantedly.com/projects/815924?filter_params%5Bauthorized%5D=true&filter_params%5Bcategory%5D=normal&filter_params%5Bcountry%5D=japan&filter_params%5Bkeywords%5D%5B%5D=%E3%82%A2%E3%83%AB%E3%83%90%E3%82%A4%E3%83%88&filter_params%5Blocations%5D%5B%5D=kanto&filter_params%5Boccupation_types%5D%5B%5D=jp__engineering&filter_type=mixed&list=6&page=4&show_working_friends=false
36,4,Webエンジニア,新卒,株式会社コムデ,23卒｜新卒から挑戦できる環境！エンジニア新卒2期生募集！,https://www.wantedly.com/projects/1074874?filter_params%5Bauthorized%5D=true&filter_params%5Bcategory%5D=normal&filter_params%5Bcountry%5D=japan&filter_params%5Bkeywords%5D%5B%5D=%E3%82%A2%E3%83%AB%E3%83%90%E3%82%A4%E3%83%88&filter_params%5Blocations%5D%5B%5D=kanto&filter_params%5Boccupation_types%5D%5B%5D=jp__engineering&filter_type=mixed&list=7&page=4&show_working_friends=false
37,1,toBマーケほか/アシスタント,学生インターン,株式会社ミライ工事,インターン初挑戦でもOK！web制作でチャレンジしたい方WANTED！,https://www.wantedly.com/projects/1020841?filter_params%5Bauthorized%5D=true&filter_params%5Bcategory%5D=normal&filter_params%5Bcountry%5D=japan&filter_params%5Bkeywords%5D%5B%5D=%E3%82%A2%E3%83%AB%E3%83%90%E3%82%A4%E3%83%88&filter_params%5Blocations%5D%5B%5D=kanto&filter_params%5Boccupation_types%5D%5B%5D=jp__engineering&filter_type=mixed&list=8&page=4&show_working_friends=false
38,14,スタジオスタッフ,パートタイム・契約,株式会社Brave group,バーチャルアーティストのスタジオ運営業務をアルバイトで募集,https://www.wantedly.com/projects/903639?filter_params%5Bauthorized%5D=true&filter_params%5Bcategory%5D=normal&filter_params%5Bcountry%5D=japan&filter_params%5Bkeywords%5D%5B%5D=%E3%82%A2%E3%83%AB%E3%83%90%E3%82%A4%E3%83%88&filter_params%5Blocations%5D%5B%5D=kanto&filter_params%5Boccupation_types%5D%5B%5D=jp__engineering&filter_type=mixed&list=9&page=4&show_working_friends=false
39,6,AI・WEBエンジニア,新卒,株式会社エイト,自社システムをグロースさせる！やる気のある新卒エンジニア募集！,https://www.wantedly.com/projects/1043216?filter_params%5Bauthorized%5D=true&filter_params%5Bcategory%5D=normal&filter_params%5Bcountry%5D=japan&filter_params%5Bkeywords%5D%5B%5D=%E3%82%A2%E3%83%AB%E3%83%90%E3%82%A4%E3%83%88&filter_params%5Blocations%5D%5B%5D=kanto&filter_params%5Boccupation_types%5D%5B%5D=jp__engineering&filter_type=mixed&list=10&page=4&show_working_friends=false
40,0,ITサポート IT事務,パートタイム・契約,株式会社オーパス,PCが得意からスタート！将来的にはプロのエンジニアを目指したい方募集！,https://www.wantedly.com/projects/1088150?filter_params%5Bauthorized%5D=true&filter_params%5Bcategory%5D=normal&filter_params%5Bcountry%5D=japan&filter_params%5Bkeywords%5D%5B%5D=%E3%82%A2%E3%83%AB%E3%83%90%E3%82%A4%E3%83%88&filter_params%5Blocations%5D%5B%5D=kanto&filter_params%5Boccupation_types%5D%5B%5D=jp__engineering&filter_type=mixed&list=1&page=5&show_working_friends=false
41,0,Webエンジニア,学生インターン,Senjin Holdings,本気で自分を成長させたいエンジニアインターン大募集！,https://www.wantedly.com/projects/1098796?filter_params%5Bauthorized%5D=true&filter_params%5Bcategory%5D=normal&filter_params%5Bcountry%5D=japan&filter_params%5Bkeywords%5D%5B%5D=%E3%82%A2%E3%83%AB%E3%83%90%E3%82%A4%E3%83%88&filter_params%5Blocations%5D%5B%5D=kanto&filter_params%5Boccupation_types%5D%5B%5D=jp__engineering&filter_type=mixed&list=2&page=5&show_working_friends=false
42,6,フルリモート・フロントエンド,学生インターン,株式会社POL,フロントエンドの開発をお任せ！技術が好きなエンジニアインターン生募集！,https://www.wantedly.com/projects/1061845?filter_params%5Bauthorized%5D=true&filter_params%5Bcategory%5D=normal&filter_params%5Bcountry%5D=japan&filter_params%5Bkeywords%5D%5B%5D=%E3%82%A2%E3%83%AB%E3%83%90%E3%82%A4%E3%83%88&filter_params%5Blocations%5D%5B%5D=kanto&filter_params%5Boccupation_types%5D%5B%5D=jp__engineering&filter_type=mixed&list=3&page=5&show_working_friends=false
43,474,AIエンジニア,,"Global Walkers, Inc",AI・画像認識分野でスキルアップしたい学生募集！！　長期インターンシップ,https://www.wantedly.com/projects/379472?filter_params%5Bauthorized%5D=true&filter_params%5Bcategory%5D=normal&filter_params%5Bcountry%5D=japan&filter_params%5Bkeywords%5D%5B%5D=%E3%82%A2%E3%83%AB%E3%83%90%E3%82%A4%E3%83%88&filter_params%5Blocations%5D%5B%5D=kanto&filter_params%5Boccupation_types%5D%5B%5D=jp__engineering&filter_type=mixed&list=4&page=5&show_working_friends=false
44,0,未経験OKのITエンジニア,,株式会社プラウドデータ,アルバイト、フリーター、ニートも歓迎！ゼロスタートでプロへ育て上げます。,https://www.wantedly.com/projects/1031650?filter_params%5Bauthorized%5D=true&filter_params%5Bcategory%5D=normal&filter_params%5Bcountry%5D=japan&filter_params%5Bkeywords%5D%5B%5D=%E3%82%A2%E3%83%AB%E3%83%90%E3%82%A4%E3%83%88&filter_params%5Blocations%5D%5B%5D=kanto&filter_params%5Boccupation_types%5D%5B%5D=jp__engineering&filter_type=mixed&list=5&page=5&show_working_friends=false
45,22,Webエンジニア,新卒,SHOWROOM株式会社,2023新卒向けSHOWROOMエンジニア職採用プレエントリーフォーム,https://www.wantedly.com/projects/804603?filter_params%5Bauthorized%5D=true&filter_params%5Bcategory%5D=normal&filter_params%5Bcountry%5D=japan&filter_params%5Bkeywords%5D%5B%5D=%E3%82%A2%E3%83%AB%E3%83%90%E3%82%A4%E3%83%88&filter_params%5Blocations%5D%5B%5D=kanto&filter_params%5Boccupation_types%5D%5B%5D=jp__engineering&filter_type=mixed&list=6&page=5&show_working_friends=false
46,126,研究インターン/アルバイト,学生インターン,データセクション株式会社,物体検出GAN、医療、音声データ解析を極めたいインターン/アルバイト募集！,https://www.wantedly.com/projects/254344?filter_params%5Bauthorized%5D=true&filter_params%5Bcategory%5D=normal&filter_params%5Bcountry%5D=japan&filter_params%5Bkeywords%5D%5B%5D=%E3%82%A2%E3%83%AB%E3%83%90%E3%82%A4%E3%83%88&filter_params%5Blocations%5D%5B%5D=kanto&filter_params%5Boccupation_types%5D%5B%5D=jp__engineering&filter_type=mixed&list=7&page=5&show_working_friends=false
47,0,ティーチングアシスタント,学生インターン,NABLAS,学生大歓迎！機械学習のスキルを活かすAI人材育成講座のアシスタント募集！,https://www.wantedly.com/projects/1094040?filter_params%5Bauthorized%5D=true&filter_params%5Bcategory%5D=normal&filter_params%5Bcountry%5D=japan&filter_params%5Bkeywords%5D%5B%5D=%E3%82%A2%E3%83%AB%E3%83%90%E3%82%A4%E3%83%88&filter_params%5Blocations%5D%5B%5D=kanto&filter_params%5Boccupation_types%5D%5B%5D=jp__engineering&filter_type=mixed&list=8&page=5&show_working_friends=false
48,1,プロダクトエンジニア,学生インターン,アイレップ,募集終了／長期インターン募集！高度なマーケティングプロダクト開発の業務体験,https://www.wantedly.com/projects/1069525?filter_params%5Bauthorized%5D=true&filter_params%5Bcategory%5D=normal&filter_params%5Bcountry%5D=japan&filter_params%5Bkeywords%5D%5B%5D=%E3%82%A2%E3%83%AB%E3%83%90%E3%82%A4%E3%83%88&filter_params%5Blocations%5D%5B%5D=kanto&filter_params%5Boccupation_types%5D%5B%5D=jp__engineering&filter_type=mixed&list=9&page=5&show_working_friends=false
49,0,企画アシスタント アルバイト,パートタイム・契約,株式会社メイキップ,SE経験が活かせる！｜Fashion×ITの会社で企画アシスタント募集,https://www.wantedly.com/projects/1088456?filter_params%5Bauthorized%5D=true&filter_params%5Bcategory%5D=normal&filter_params%5Bcountry%5D=japan&filter_params%5Bkeywords%5D%5B%5D=%E3%82%A2%E3%83%AB%E3%83%90%E3%82%A4%E3%83%88&filter_params%5Blocations%5D%5B%5D=kanto&filter_params%5Boccupation_types%5D%5B%5D=jp__engineering&filter_type=mixed&list=10&page=5&show_working_friends=false
50,1,24卒エンジニア,学生インターン,メドピア株式会社,座談会｜Webエンジニアのリアルな働き方を聞きたい学生さん募集します！,https://www.wantedly.com/projects/1088348?filter_params%5Bauthorized%5D=true&filter_params%5Bcategory%5D=normal&filter_params%5Bcountry%5D=japan&filter_params%5Bkeywords%5D%5B%5D=%E3%82%A2%E3%83%AB%E3%83%90%E3%82%A4%E3%83%88&filter_params%5Blocations%5D%5B%5D=kanto&filter_params%5Boccupation_types%5D%5B%5D=jp__engineering&filter_type=mixed&list=1&page=6&show_working_friends=false
51,82,データサイエンティスト,学生インターン,エルピクセル株式会社,医療・生物画像データを使ったAI研究開発を行うインターン募集！,https://www.wantedly.com/projects/757639?filter_params%5Bauthorized%5D=true&filter_params%5Bcategory%5D=normal&filter_params%5Bcountry%5D=japan&filter_params%5Bkeywords%5D%5B%5D=%E3%82%A2%E3%83%AB%E3%83%90%E3%82%A4%E3%83%88&filter_params%5Blocations%5D%5B%5D=kanto&filter_params%5Boccupation_types%5D%5B%5D=jp__engineering&filter_type=mixed&list=2&page=6&show_working_friends=false
52,1,QAエンジニア,フリーランス,株式会社Hubble,Hubbleの品質向上をリードするQAエンジニアを募集,https://www.wantedly.com/projects/919608?filter_params%5Bauthorized%5D=true&filter_params%5Bcategory%5D=normal&filter_params%5Bcountry%5D=japan&filter_params%5Bkeywords%5D%5B%5D=%E3%82%A2%E3%83%AB%E3%83%90%E3%82%A4%E3%83%88&filter_params%5Blocations%5D%5B%5D=kanto&filter_params%5Boccupation_types%5D%5B%5D=jp__engineering&filter_type=mixed&list=3&page=6&show_working_friends=false
53,5,データサイエンティスト,新卒,株式会社マイナビ,23卒採用 これからのマイナビの事業を一緒に創りませんか？,https://www.wantedly.com/projects/1068023?filter_params%5Bauthorized%5D=true&filter_params%5Bcategory%5D=normal&filter_params%5Bcountry%5D=japan&filter_params%5Bkeywords%5D%5B%5D=%E3%82%A2%E3%83%AB%E3%83%90%E3%82%A4%E3%83%88&filter_params%5Blocations%5D%5B%5D=kanto&filter_params%5Boccupation_types%5D%5B%5D=jp__engineering&filter_type=mixed&list=4&page=6&show_working_friends=false
54,3,データアナリスト,副業,株式会社スカイベイビーズ,立ち上げ初期のサイト・ECをバズらせる！意欲的なデータアナリスト募集,https://www.wantedly.com/projects/1057286?filter_params%5Bauthorized%5D=true&filter_params%5Bcategory%5D=normal&filter_params%5Bcountry%5D=japan&filter_params%5Bkeywords%5D%5B%5D=%E3%82%A2%E3%83%AB%E3%83%90%E3%82%A4%E3%83%88&filter_params%5Blocations%5D%5B%5D=kanto&filter_params%5Boccupation_types%5D%5B%5D=jp__engineering&filter_type=mixed&list=5&page=6&show_working_friends=false
55,8,自社HP制作・コーダー,パートタイム・契約,株式会社メイツ,自社HP制作バイト　教育×ITを手掛けるベンチャー企業,https://www.wantedly.com/projects/920518?filter_params%5Bauthorized%5D=true&filter_params%5Bcategory%5D=normal&filter_params%5Bcountry%5D=japan&filter_params%5Bkeywords%5D%5B%5D=%E3%82%A2%E3%83%AB%E3%83%90%E3%82%A4%E3%83%88&filter_params%5Blocations%5D%5B%5D=kanto&filter_params%5Boccupation_types%5D%5B%5D=jp__engineering&filter_type=mixed&list=6&page=6&show_working_friends=false
56,4,23卒/エンジニア,新卒,株式会社エニグモ,23卒エンジニア積極採用中！プライム上場企業エニグモで開発に挑戦,https://www.wantedly.com/projects/1077294?filter_params%5Bauthorized%5D=true&filter_params%5Bcategory%5D=normal&filter_params%5Bcountry%5D=japan&filter_params%5Bkeywords%5D%5B%5D=%E3%82%A2%E3%83%AB%E3%83%90%E3%82%A4%E3%83%88&filter_params%5Blocations%5D%5B%5D=kanto&filter_params%5Boccupation_types%5D%5B%5D=jp__engineering&filter_type=mixed&list=7&page=6&show_working_friends=false
57,5,エンジニア（新卒）,新卒,dely株式会社,23卒 | 大規模サービスの機能開発・改善を経験したいエンジニアを募集！,https://www.wantedly.com/projects/826314?filter_params%5Bauthorized%5D=true&filter_params%5Bcategory%5D=normal&filter_params%5Bcountry%5D=japan&filter_params%5Bkeywords%5D%5B%5D=%E3%82%A2%E3%83%AB%E3%83%90%E3%82%A4%E3%83%88&filter_params%5Blocations%5D%5B%5D=kanto&filter_params%5Boccupation_types%5D%5B%5D=jp__engineering&filter_type=mixed&list=8&page=6&show_working_friends=false
58,0,フロントエンド バックエンド,,株式会社ちょびリッチ,TypeScript & React|モダンな開発環境！エンジニア募集,https://www.wantedly.com/projects/1095223?filter_params%5Bauthorized%5D=true&filter_params%5Bcategory%5D=normal&filter_params%5Bcountry%5D=japan&filter_params%5Bkeywords%5D%5B%5D=%E3%82%A2%E3%83%AB%E3%83%90%E3%82%A4%E3%83%88&filter_params%5Blocations%5D%5B%5D=kanto&filter_params%5Boccupation_types%5D%5B%5D=jp__engineering&filter_type=mixed&list=9&page=6&show_working_friends=false
59,1,エンジニア就業型インターン,学生インターン,株式会社ネクストビート,就業型インターン／事業会社でモダンな技術 × フルスタック開発しませんか？,https://www.wantedly.com/projects/1087484?filter_params%5Bauthorized%5D=true&filter_params%5Bcategory%5D=normal&filter_params%5Bcountry%5D=japan&filter_params%5Bkeywords%5D%5B%5D=%E3%82%A2%E3%83%AB%E3%83%90%E3%82%A4%E3%83%88&filter_params%5Blocations%5D%5B%5D=kanto&filter_params%5Boccupation_types%5D%5B%5D=jp__engineering&filter_type=mixed&list=10&page=6&show_working_friends=false
60,1,バックエンドエンジニア,副業,株式会社futurelabo,自社サービスの改修・開発をしたいバックエンドエンジニア募集！,https://www.wantedly.com/projects/792568?filter_params%5Bauthorized%5D=true&filter_params%5Bcategory%5D=normal&filter_params%5Bcountry%5D=japan&filter_params%5Bkeywords%5D%5B%5D=%E3%82%A2%E3%83%AB%E3%83%90%E3%82%A4%E3%83%88&filter_params%5Blocations%5D%5B%5D=kanto&filter_params%5Boccupation_types%5D%5B%5D=jp__engineering&filter_type=mixed&list=1&page=7&show_working_friends=false
61,36,Webエンジニア,,株式会社インフラトップ,DMMのITスクールで、教育に携わりませんか？ -DWCエンジニア転職-,https://www.wantedly.com/projects/452986?filter_params%5Bauthorized%5D=true&filter_params%5Bcategory%5D=normal&filter_params%5Bcountry%5D=japan&filter_params%5Bkeywords%5D%5B%5D=%E3%82%A2%E3%83%AB%E3%83%90%E3%82%A4%E3%83%88&filter_params%5Blocations%5D%5B%5D=kanto&filter_params%5Boccupation_types%5D%5B%5D=jp__engineering&filter_type=mixed&list=2&page=7&show_working_friends=false
62,6,QAエンジニア,,株式会社フォトシンス（Akerun）,ファームとソフトウェア両面の品質向上、自動化を促進するQAエンジニア募集！,https://www.wantedly.com/projects/712646?filter_params%5Bauthorized%5D=true&filter_params%5Bcategory%5D=normal&filter_params%5Bcountry%5D=japan&filter_params%5Bkeywords%5D%5B%5D=%E3%82%A2%E3%83%AB%E3%83%90%E3%82%A4%E3%83%88&filter_params%5Blocations%5D%5B%5D=kanto&filter_params%5Boccupation_types%5D%5B%5D=jp__engineering&filter_type=mixed&list=3&page=7&show_working_friends=false
63,15,MILシステムの開発・運用保守,学生インターン,MIL株式会社,動画系SaaSでエンジニアインターン募集！講師経験者が直接指導します。,https://www.wantedly.com/projects/525635?filter_params%5Bauthorized%5D=true&filter_params%5Bcategory%5D=normal&filter_params%5Bcountry%5D=japan&filter_params%5Bkeywords%5D%5B%5D=%E3%82%A2%E3%83%AB%E3%83%90%E3%82%A4%E3%83%88&filter_params%5Blocations%5D%5B%5D=kanto&filter_params%5Boccupation_types%5D%5B%5D=jp__engineering&filter_type=mixed&list=4&page=7&show_working_friends=false
64,7,長期インターンシップ,学生インターン,株式会社トラストバンク,画面設計〜技術選定〜実装まで超実践的な開発を経験／地域創生・就業インターン,https://www.wantedly.com/projects/1045024?filter_params%5Bauthorized%5D=true&filter_params%5Bcategory%5D=normal&filter_params%5Bcountry%5D=japan&filter_params%5Bkeywords%5D%5B%5D=%E3%82%A2%E3%83%AB%E3%83%90%E3%82%A4%E3%83%88&filter_params%5Blocations%5D%5B%5D=kanto&filter_params%5Boccupation_types%5D%5B%5D=jp__engineering&filter_type=mixed&list=5&page=7&show_working_friends=false
65,1,テストエンジニア／未経験OK,,株式会社ブール・ジャパン,テストエンジニア｜全員が研修からスタート！福利厚生には自信があります！,https://www.wantedly.com/projects/1064403?filter_params%5Bauthorized%5D=true&filter_params%5Bcategory%5D=normal&filter_params%5Bcountry%5D=japan&filter_params%5Bkeywords%5D%5B%5D=%E3%82%A2%E3%83%AB%E3%83%90%E3%82%A4%E3%83%88&filter_params%5Blocations%5D%5B%5D=kanto&filter_params%5Boccupation_types%5D%5B%5D=jp__engineering&filter_type=mixed&list=6&page=7&show_working_friends=false
66,1,QAエンジニア（MGR候補）,,Tangerine株式会社,急速なクライアント増加に伴い自社SaaSのQAエンジニアを募集中です！,https://www.wantedly.com/projects/840881?filter_params%5Bauthorized%5D=true&filter_params%5Bcategory%5D=normal&filter_params%5Bcountry%5D=japan&filter_params%5Bkeywords%5D%5B%5D=%E3%82%A2%E3%83%AB%E3%83%90%E3%82%A4%E3%83%88&filter_params%5Blocations%5D%5B%5D=kanto&filter_params%5Boccupation_types%5D%5B%5D=jp__engineering&filter_type=mixed&list=7&page=7&show_working_friends=false
67,20,Webエンジニア│インターン,学生インターン,かっこ株式会社,eコマース決済不正検知トップ企業でエンジニアインターン学生WANTED!!,https://www.wantedly.com/projects/687352?filter_params%5Bauthorized%5D=true&filter_params%5Bcategory%5D=normal&filter_params%5Bcountry%5D=japan&filter_params%5Bkeywords%5D%5B%5D=%E3%82%A2%E3%83%AB%E3%83%90%E3%82%A4%E3%83%88&filter_params%5Blocations%5D%5B%5D=kanto&filter_params%5Boccupation_types%5D%5B%5D=jp__engineering&filter_type=mixed&list=8&page=7&show_working_friends=false
68,0,C系エンジニア,,株式会社イデアルアーキテクツ,C系エンジニア募集！勤務地東京都内近郊,https://www.wantedly.com/projects/1079318?filter_params%5Bauthorized%5D=true&filter_params%5Bcategory%5D=normal&filter_params%5Bcountry%5D=japan&filter_params%5Bkeywords%5D%5B%5D=%E3%82%A2%E3%83%AB%E3%83%90%E3%82%A4%E3%83%88&filter_params%5Blocations%5D%5B%5D=kanto&filter_params%5Boccupation_types%5D%5B%5D=jp__engineering&filter_type=mixed&list=9&page=7&show_working_friends=false
69,42,Webエンジニア,学生インターン,株式会社High Link,RailsとNext.jsで香り領域ECを開発するエンジニアインターン募集,https://www.wantedly.com/projects/635654?filter_params%5Bauthorized%5D=true&filter_params%5Bcategory%5D=normal&filter_params%5Bcountry%5D=japan&filter_params%5Bkeywords%5D%5B%5D=%E3%82%A2%E3%83%AB%E3%83%90%E3%82%A4%E3%83%88&filter_params%5Blocations%5D%5B%5D=kanto&filter_params%5Boccupation_types%5D%5B%5D=jp__engineering&filter_type=mixed&list=10&page=7&show_working_friends=false
70,46,フルリモート、フレックス勤務,,LLL inc.,空いた時間にエンジニア講師をしてみませんか？フリーランスで自由な働き方を！,https://www.wantedly.com/projects/410863?filter_params%5Bauthorized%5D=true&filter_params%5Bcategory%5D=normal&filter_params%5Bcountry%5D=japan&filter_params%5Bkeywords%5D%5B%5D=%E3%82%A2%E3%83%AB%E3%83%90%E3%82%A4%E3%83%88&filter_params%5Blocations%5D%5B%5D=kanto&filter_params%5Boccupation_types%5D%5B%5D=jp__engineering&filter_type=mixed&list=1&page=8&show_working_friends=false
71,0,ITエンジニア｜フリーランス,フリーランス,株式会社ラプテック,独立を検討中の方も必見！弊社サポート付きフリーランスエンジニア募集！,https://www.wantedly.com/projects/924133?filter_params%5Bauthorized%5D=true&filter_params%5Bcategory%5D=normal&filter_params%5Bcountry%5D=japan&filter_params%5Bkeywords%5D%5B%5D=%E3%82%A2%E3%83%AB%E3%83%90%E3%82%A4%E3%83%88&filter_params%5Blocations%5D%5B%5D=kanto&filter_params%5Boccupation_types%5D%5B%5D=jp__engineering&filter_type=mixed&list=2&page=8&show_working_friends=false
72,2,サーバーサイドエンジニア,フリーランス,株式会社リジョブ,急成長中のサービスを一緒に育てたいRailsエンジニア募集！,https://www.wantedly.com/projects/813495?filter_params%5Bauthorized%5D=true&filter_params%5Bcategory%5D=normal&filter_params%5Bcountry%5D=japan&filter_params%5Bkeywords%5D%5B%5D=%E3%82%A2%E3%83%AB%E3%83%90%E3%82%A4%E3%83%88&filter_params%5Blocations%5D%5B%5D=kanto&filter_params%5Boccupation_types%5D%5B%5D=jp__engineering&filter_type=mixed&list=3&page=8&show_working_friends=false
73,9,Webエンジニア募集,副業,株式会社TYL,あなたのスキルをいかせていますか？ペット×ITのサービス開発！,https://www.wantedly.com/projects/852814?filter_params%5Bauthorized%5D=true&filter_params%5Bcategory%5D=normal&filter_params%5Bcountry%5D=japan&filter_params%5Bkeywords%5D%5B%5D=%E3%82%A2%E3%83%AB%E3%83%90%E3%82%A4%E3%83%88&filter_params%5Blocations%5D%5B%5D=kanto&filter_params%5Boccupation_types%5D%5B%5D=jp__engineering&filter_type=mixed&list=4&page=8&show_working_friends=false
74,90,サーバーサイドエンジニア,新卒,チームラボグループ,23新卒｜社会へ大きなインパクトを与える開発に挑戦したいWebエンジニア,https://www.wantedly.com/projects/807948?filter_params%5Bauthorized%5D=true&filter_params%5Bcategory%5D=normal&filter_params%5Bcountry%5D=japan&filter_params%5Bkeywords%5D%5B%5D=%E3%82%A2%E3%83%AB%E3%83%90%E3%82%A4%E3%83%88&filter_params%5Blocations%5D%5B%5D=kanto&filter_params%5Boccupation_types%5D%5B%5D=jp__engineering&filter_type=mixed&list=5&page=8&show_working_friends=false
75,4,QAリーダー／リモートOK,,株式会社hacomono,エンジニアとしてのキャリアの幅が広がる！次世代SaaSのQAリーダー募集！,https://www.wantedly.com/projects/851871?filter_params%5Bauthorized%5D=true&filter_params%5Bcategory%5D=normal&filter_params%5Bcountry%5D=japan&filter_params%5Bkeywords%5D%5B%5D=%E3%82%A2%E3%83%AB%E3%83%90%E3%82%A4%E3%83%88&filter_params%5Blocations%5D%5B%5D=kanto&filter_params%5Boccupation_types%5D%5B%5D=jp__engineering&filter_type=mixed&list=6&page=8&show_working_friends=false
76,0,1人目 QAエンジニア,,Tebiki株式会社,累計11億円資金調達済｜動画教育SaaSの継続的な品質改善を担うQA募集,https://www.wantedly.com/projects/802519?filter_params%5Bauthorized%5D=true&filter_params%5Bcategory%5D=normal&filter_params%5Bcountry%5D=japan&filter_params%5Bkeywords%5D%5B%5D=%E3%82%A2%E3%83%AB%E3%83%90%E3%82%A4%E3%83%88&filter_params%5Blocations%5D%5B%5D=kanto&filter_params%5Boccupation_types%5D%5B%5D=jp__engineering&filter_type=mixed&list=7&page=8&show_working_friends=false
77,14,長期有給インターン,学生インターン,株式会社crispy,EC×DB×メディアサービスのエンジニアインターンを大募集！,https://www.wantedly.com/projects/897509?filter_params%5Bauthorized%5D=true&filter_params%5Bcategory%5D=normal&filter_params%5Bcountry%5D=japan&filter_params%5Bkeywords%5D%5B%5D=%E3%82%A2%E3%83%AB%E3%83%90%E3%82%A4%E3%83%88&filter_params%5Blocations%5D%5B%5D=kanto&filter_params%5Boccupation_types%5D%5B%5D=jp__engineering&filter_type=mixed&list=8&page=8&show_working_friends=false
78,1,Webエンジニア,,ハイツー株式会社,新メンバー続々入社！コロナ禍でも1on1ミーティングで社員を成長させます！,https://www.wantedly.com/projects/739537?filter_params%5Bauthorized%5D=true&filter_params%5Bcategory%5D=normal&filter_params%5Bcountry%5D=japan&filter_params%5Bkeywords%5D%5B%5D=%E3%82%A2%E3%83%AB%E3%83%90%E3%82%A4%E3%83%88&filter_params%5Blocations%5D%5B%5D=kanto&filter_params%5Boccupation_types%5D%5B%5D=jp__engineering&filter_type=mixed&list=9&page=8&show_working_friends=false
79,1,未経験大歓迎｜エンジニア,,株式会社Success Holders,飲食店経験者へ！安定した10年後を見据えて手に職をつけませんか？,https://www.wantedly.com/projects/1051663?filter_params%5Bauthorized%5D=true&filter_params%5Bcategory%5D=normal&filter_params%5Bcountry%5D=japan&filter_params%5Bkeywords%5D%5B%5D=%E3%82%A2%E3%83%AB%E3%83%90%E3%82%A4%E3%83%88&filter_params%5Blocations%5D%5B%5D=kanto&filter_params%5Boccupation_types%5D%5B%5D=jp__engineering&filter_type=mixed&list=10&page=8&show_working_friends=false
80,4,23卒ネットワークエンジニア,新卒,株式会社シーエスコミュニケーション,ネットワークエンジニアのスペシャリストを本気で目指す新卒生へ,https://www.wantedly.com/projects/846159?filter_params%5Bauthorized%5D=true&filter_params%5Bcategory%5D=normal&filter_params%5Bcountry%5D=japan&filter_params%5Bkeywords%5D%5B%5D=%E3%82%A2%E3%83%AB%E3%83%90%E3%82%A4%E3%83%88&filter_params%5Blocations%5D%5B%5D=kanto&filter_params%5Boccupation_types%5D%5B%5D=jp__engineering&filter_type=mixed&list=1&page=9&show_working_friends=false
81,0,エンジニアリング,,株式会社ガイアックス,好きをシェアするマッチングプラットフォームでフロントエンドエンジニアを募集,https://www.wantedly.com/projects/1097830?filter_params%5Bauthorized%5D=true&filter_params%5Bcategory%5D=normal&filter_params%5Bcountry%5D=japan&filter_params%5Bkeywords%5D%5B%5D=%E3%82%A2%E3%83%AB%E3%83%90%E3%82%A4%E3%83%88&filter_params%5Blocations%5D%5B%5D=kanto&filter_params%5Boccupation_types%5D%5B%5D=jp__engineering&filter_type=mixed&list=2&page=9&show_working_friends=false
82,8,フロントエンドエンジニア,パートタイム・契約,株式会社アイスリーデザイン,WEBサイトのUI改善を支えるフロントエンジニア募集！,https://www.wantedly.com/projects/747922?filter_params%5Bauthorized%5D=true&filter_params%5Bcategory%5D=normal&filter_params%5Bcountry%5D=japan&filter_params%5Bkeywords%5D%5B%5D=%E3%82%A2%E3%83%AB%E3%83%90%E3%82%A4%E3%83%88&filter_params%5Blocations%5D%5B%5D=kanto&filter_params%5Boccupation_types%5D%5B%5D=jp__engineering&filter_type=mixed&list=3&page=9&show_working_friends=false
83,9,バックエンド｜フルリモート,副業,株式会社ゼスト,特許が多数生まれる環境でバックエンド開発を追求しませんか？,https://www.wantedly.com/projects/1087841?filter_params%5Bauthorized%5D=true&filter_params%5Bcategory%5D=normal&filter_params%5Bcountry%5D=japan&filter_params%5Bkeywords%5D%5B%5D=%E3%82%A2%E3%83%AB%E3%83%90%E3%82%A4%E3%83%88&filter_params%5Blocations%5D%5B%5D=kanto&filter_params%5Boccupation_types%5D%5B%5D=jp__engineering&filter_type=mixed&list=4&page=9&show_working_friends=false
84,1,開発ディレクション|社内SE職,フリーランス,トムス株式会社,できることから！やりたいこと相談可！事業を支えるSEとして力貸してください,https://www.wantedly.com/projects/1081524?filter_params%5Bauthorized%5D=true&filter_params%5Bcategory%5D=normal&filter_params%5Bcountry%5D=japan&filter_params%5Bkeywords%5D%5B%5D=%E3%82%A2%E3%83%AB%E3%83%90%E3%82%A4%E3%83%88&filter_params%5Blocations%5D%5B%5D=kanto&filter_params%5Boccupation_types%5D%5B%5D=jp__engineering&filter_type=mixed&list=5&page=9&show_working_friends=false
85,0,システムエンジニア,,株式会社 BuySell Technologies,社内ITサポートスタッフ,https://www.wantedly.com/projects/813656?filter_params%5Bauthorized%5D=true&filter_params%5Bcategory%5D=normal&filter_params%5Bcountry%5D=japan&filter_params%5Bkeywords%5D%5B%5D=%E3%82%A2%E3%83%AB%E3%83%90%E3%82%A4%E3%83%88&filter_params%5Blocations%5D%5B%5D=kanto&filter_params%5Boccupation_types%5D%5B%5D=jp__engineering&filter_type=mixed&list=6&page=9&show_working_friends=false
86,0,Web/モバイルエンジニア,新卒,からくり株式会社,23卒｜結論から申し上げますと、弊社でエンジニアとして働きませんか？,https://www.wantedly.com/projects/810226?filter_params%5Bauthorized%5D=true&filter_params%5Bcategory%5D=normal&filter_params%5Bcountry%5D=japan&filter_params%5Bkeywords%5D%5B%5D=%E3%82%A2%E3%83%AB%E3%83%90%E3%82%A4%E3%83%88&filter_params%5Blocations%5D%5B%5D=kanto&filter_params%5Boccupation_types%5D%5B%5D=jp__engineering&filter_type=mixed&list=7&page=9&show_working_friends=false
87,5,フロントエンジニア,,株式会社アイスマイリー,AIだ！　フロントエンジニアだ！　アイスマイリーだ！,https://www.wantedly.com/projects/793718?filter_params%5Bauthorized%5D=true&filter_params%5Bcategory%5D=normal&filter_params%5Bcountry%5D=japan&filter_params%5Bkeywords%5D%5B%5D=%E3%82%A2%E3%83%AB%E3%83%90%E3%82%A4%E3%83%88&filter_params%5Blocations%5D%5B%5D=kanto&filter_params%5Boccupation_types%5D%5B%5D=jp__engineering&filter_type=mixed&list=8&page=9&show_working_friends=false
88,38,フロントエンドエンジニア,,株式会社パンフォーユー,フロントエンジニア募集 ！全国にパンを届けるサービスを支えるお仕事です！,https://www.wantedly.com/projects/631638?filter_params%5Bauthorized%5D=true&filter_params%5Bcategory%5D=normal&filter_params%5Bcountry%5D=japan&filter_params%5Bkeywords%5D%5B%5D=%E3%82%A2%E3%83%AB%E3%83%90%E3%82%A4%E3%83%88&filter_params%5Blocations%5D%5B%5D=kanto&filter_params%5Boccupation_types%5D%5B%5D=jp__engineering&filter_type=mixed&list=9&page=9&show_working_friends=false
89,2,QAエンジニア/テスト,,Scheeme株式会社,徹底的に使いやすいプロダクト！品質向上を担うQAエンジニアを募集,https://www.wantedly.com/projects/1034369?filter_params%5Bauthorized%5D=true&filter_params%5Bcategory%5D=normal&filter_params%5Bcountry%5D=japan&filter_params%5Bkeywords%5D%5B%5D=%E3%82%A2%E3%83%AB%E3%83%90%E3%82%A4%E3%83%88&filter_params%5Blocations%5D%5B%5D=kanto&filter_params%5Boccupation_types%5D%5B%5D=jp__engineering&filter_type=mixed&list=10&page=9&show_working_friends=false
90,0,【新卒】デバイスエンジニア,新卒,株式会社ピーエスシー,23 新卒ｌ若手から技術×マネジメント業務を携われる！デバイスエンジニア！,https://www.wantedly.com/projects/844577?filter_params%5Bauthorized%5D=true&filter_params%5Bcategory%5D=normal&filter_params%5Bcountry%5D=japan&filter_params%5Bkeywords%5D%5B%5D=%E3%82%A2%E3%83%AB%E3%83%90%E3%82%A4%E3%83%88&filter_params%5Blocations%5D%5B%5D=kanto&filter_params%5Boccupation_types%5D%5B%5D=jp__engineering&filter_type=mixed&list=1&page=10&show_working_friends=false
91,8,ソフトウェアエンジニア,,株式会社リブセンス,ソフトウェアエンジニア: マッハバイトのプロダクト開発,https://www.wantedly.com/projects/602168?filter_params%5Bauthorized%5D=true&filter_params%5Bcategory%5D=normal&filter_params%5Bcountry%5D=japan&filter_params%5Bkeywords%5D%5B%5D=%E3%82%A2%E3%83%AB%E3%83%90%E3%82%A4%E3%83%88&filter_params%5Blocations%5D%5B%5D=kanto&filter_params%5Boccupation_types%5D%5B%5D=jp__engineering&filter_type=mixed&list=2&page=10&show_working_friends=false
92,0,コーポレートIT,フリーランス,認定NPO法人カタリバ,SaaS管理＆活用によって事業推進に寄与するコーポレートIT,https://www.wantedly.com/projects/1095503?filter_params%5Bauthorized%5D=true&filter_params%5Bcategory%5D=normal&filter_params%5Bcountry%5D=japan&filter_params%5Bkeywords%5D%5B%5D=%E3%82%A2%E3%83%AB%E3%83%90%E3%82%A4%E3%83%88&filter_params%5Blocations%5D%5B%5D=kanto&filter_params%5Boccupation_types%5D%5B%5D=jp__engineering&filter_type=mixed&list=3&page=10&show_working_friends=false
93,5,新卒Webエンジニア,新卒,株式会社コドモン,23新卒エンジニア夏採用開始！子どもの未来をテクノロジーで変える！,https://www.wantedly.com/projects/1069500?filter_params%5Bauthorized%5D=true&filter_params%5Bcategory%5D=normal&filter_params%5Bcountry%5D=japan&filter_params%5Bkeywords%5D%5B%5D=%E3%82%A2%E3%83%AB%E3%83%90%E3%82%A4%E3%83%88&filter_params%5Blocations%5D%5B%5D=kanto&filter_params%5Boccupation_types%5D%5B%5D=jp__engineering&filter_type=mixed&list=4&page=10&show_working_friends=false
94,0,社内情シスリーダー候補,,アノテーション株式会社,業務課題の解決、バックオフィス業務の知識が活かせるお仕事です！,https://www.wantedly.com/projects/1053118?filter_params%5Bauthorized%5D=true&filter_params%5Bcategory%5D=normal&filter_params%5Bcountry%5D=japan&filter_params%5Bkeywords%5D%5B%5D=%E3%82%A2%E3%83%AB%E3%83%90%E3%82%A4%E3%83%88&filter_params%5Blocations%5D%5B%5D=kanto&filter_params%5Boccupation_types%5D%5B%5D=jp__engineering&filter_type=mixed&list=5&page=10&show_working_friends=false
95,68,インフラエンジニア,,グルーヴ・ギア株式会社,「未経験OK」最先端メソッドで「教育×IT」に改革！インフラ講師募集,https://www.wantedly.com/projects/132858?filter_params%5Bauthorized%5D=true&filter_params%5Bcategory%5D=normal&filter_params%5Bcountry%5D=japan&filter_params%5Bkeywords%5D%5B%5D=%E3%82%A2%E3%83%AB%E3%83%90%E3%82%A4%E3%83%88&filter_params%5Blocations%5D%5B%5D=kanto&filter_params%5Boccupation_types%5D%5B%5D=jp__engineering&filter_type=mixed&list=6&page=10&show_working_friends=false
96,18,SREエンジニア,学生インターン,株式会社スリーシェイク,SREのプロ集団！技術力を身に付けたいSRE学生インターン募集,https://www.wantedly.com/projects/833838?filter_params%5Bauthorized%5D=true&filter_params%5Bcategory%5D=normal&filter_params%5Bcountry%5D=japan&filter_params%5Bkeywords%5D%5B%5D=%E3%82%A2%E3%83%AB%E3%83%90%E3%82%A4%E3%83%88&filter_params%5Blocations%5D%5B%5D=kanto&filter_params%5Boccupation_types%5D%5B%5D=jp__engineering&filter_type=mixed&list=7&page=10&show_working_friends=false
97,15,データサイエンティスト,新卒,株式会社ABEJA,米Googleから日本企業初出資ベンチャーで新卒データサイエンティスト募集,https://www.wantedly.com/projects/879100?filter_params%5Bauthorized%5D=true&filter_params%5Bcategory%5D=normal&filter_params%5Bcountry%5D=japan&filter_params%5Bkeywords%5D%5B%5D=%E3%82%A2%E3%83%AB%E3%83%90%E3%82%A4%E3%83%88&filter_params%5Blocations%5D%5B%5D=kanto&filter_params%5Boccupation_types%5D%5B%5D=jp__engineering&filter_type=mixed&list=8&page=10&show_working_friends=false
98,2,23卒エンジニア,新卒,Sun* Inc.,23卒｜技術を極め、多種多様な業界の0→1開発を推進したいエンジニア募集！,https://www.wantedly.com/projects/1061509?filter_params%5Bauthorized%5D=true&filter_params%5Bcategory%5D=normal&filter_params%5Bcountry%5D=japan&filter_params%5Bkeywords%5D%5B%5D=%E3%82%A2%E3%83%AB%E3%83%90%E3%82%A4%E3%83%88&filter_params%5Blocations%5D%5B%5D=kanto&filter_params%5Boccupation_types%5D%5B%5D=jp__engineering&filter_type=mixed&list=9&page=10&show_working_friends=false
99,11,Webアプリエンジニア,,オープンワーク株式会社,技術の力で世界を変える！利用者430万人超のHRサービスを担うエンジニア,https://www.wantedly.com/projects/701692?filter_params%5Bauthorized%5D=true&filter_params%5Bcategory%5D=normal&filter_params%5Bcountry%5D=japan&filter_params%5Bkeywords%5D%5B%5D=%E3%82%A2%E3%83%AB%E3%83%90%E3%82%A4%E3%83%88&filter_params%5Blocations%5D%5B%5D=kanto&filter_params%5Boccupation_types%5D%5B%5D=jp__engineering&filter_type=mixed&list=10&page=10&show_working_friends=false
100,13,Rubyエンジニア,学生インターン,READY TO FASHION,ファッション×IT×HR　ファッション業界特化の求人プラットフォームを！,https://www.wantedly.com/projects/892550?filter_params%5Bauthorized%5D=true&filter_params%5Bcategory%5D=normal&filter_params%5Bcountry%5D=japan&filter_params%5Bkeywords%5D%5B%5D=%E3%82%A2%E3%83%AB%E3%83%90%E3%82%A4%E3%83%88&filter_params%5Blocations%5D%5B%5D=kanto&filter_params%5Boccupation_types%5D%5B%5D=jp__engineering&filter_type=mixed&list=1&page=11&show_working_friends=false
101,19,フロントエンドエンジニア,新卒,株式会社ツナググループHC,23卒フロントエンドエンジニア募集｜文系出身活躍！勉強会やペアプロ制度有,https://www.wantedly.com/projects/844613?filter_params%5Bauthorized%5D=true&filter_params%5Bcategory%5D=normal&filter_params%5Bcountry%5D=japan&filter_params%5Bkeywords%5D%5B%5D=%E3%82%A2%E3%83%AB%E3%83%90%E3%82%A4%E3%83%88&filter_params%5Blocations%5D%5B%5D=kanto&filter_params%5Boccupation_types%5D%5B%5D=jp__engineering&filter_type=mixed&list=2&page=11&show_working_friends=false
102,13,QAエンジニア,,株式会社ビビッドガーデン,プロダクトの質と仮説検証のスピードを向上させるQAエンジニアを募集！,https://www.wantedly.com/projects/570150?filter_params%5Bauthorized%5D=true&filter_params%5Bcategory%5D=normal&filter_params%5Bcountry%5D=japan&filter_params%5Bkeywords%5D%5B%5D=%E3%82%A2%E3%83%AB%E3%83%90%E3%82%A4%E3%83%88&filter_params%5Blocations%5D%5B%5D=kanto&filter_params%5Boccupation_types%5D%5B%5D=jp__engineering&filter_type=mixed&list=3&page=11&show_working_friends=false
103,3,医療DXエンジニア,,ファストドクター,プログラミング経験を活かし、医療DXを推進しませんか？｜メディア出演多数！,https://www.wantedly.com/projects/904195?filter_params%5Bauthorized%5D=true&filter_params%5Bcategory%5D=normal&filter_params%5Bcountry%5D=japan&filter_params%5Bkeywords%5D%5B%5D=%E3%82%A2%E3%83%AB%E3%83%90%E3%82%A4%E3%83%88&filter_params%5Blocations%5D%5B%5D=kanto&filter_params%5Boccupation_types%5D%5B%5D=jp__engineering&filter_type=mixed&list=4&page=11&show_working_friends=false
104,9,SREエンジニア,,アソビュー株式会社,事業会社のSREにチャレンジしたいJavaエンジニア募集！,https://www.wantedly.com/projects/500015?filter_params%5Bauthorized%5D=true&filter_params%5Bcategory%5D=normal&filter_params%5Bcountry%5D=japan&filter_params%5Bkeywords%5D%5B%5D=%E3%82%A2%E3%83%AB%E3%83%90%E3%82%A4%E3%83%88&filter_params%5Blocations%5D%5B%5D=kanto&filter_params%5Boccupation_types%5D%5B%5D=jp__engineering&filter_type=mixed&list=5&page=11&show_working_friends=false
105,2,2023年新卒エンジニア,新卒,SO Technologies 株式会社,フルスタックエンジニアとして成長していきませんか？23年新卒エンジニア募集,https://www.wantedly.com/projects/867009?filter_params%5Bauthorized%5D=true&filter_params%5Bcategory%5D=normal&filter_params%5Bcountry%5D=japan&filter_params%5Bkeywords%5D%5B%5D=%E3%82%A2%E3%83%AB%E3%83%90%E3%82%A4%E3%83%88&filter_params%5Blocations%5D%5B%5D=kanto&filter_params%5Boccupation_types%5D%5B%5D=jp__engineering&filter_type=mixed&list=6&page=11&show_working_friends=false
106,6,AIエンジニア,,株式会社レボーン,AIエンジニア・データサイエンティスト募集！におい×AIで新たな産業を興す,https://www.wantedly.com/projects/839325?filter_params%5Bauthorized%5D=true&filter_params%5Bcategory%5D=normal&filter_params%5Bcountry%5D=japan&filter_params%5Bkeywords%5D%5B%5D=%E3%82%A2%E3%83%AB%E3%83%90%E3%82%A4%E3%83%88&filter_params%5Blocations%5D%5B%5D=kanto&filter_params%5Boccupation_types%5D%5B%5D=jp__engineering&filter_type=mixed&list=7&page=11&show_working_friends=false
107,0,エンジニアマネージャー,,株式会社スムーズ,エンジニアリングマネージャーWanted｜不動産業界のFinTech企業,https://www.wantedly.com/projects/1086447?filter_params%5Bauthorized%5D=true&filter_params%5Bcategory%5D=normal&filter_params%5Bcountry%5D=japan&filter_params%5Bkeywords%5D%5B%5D=%E3%82%A2%E3%83%AB%E3%83%90%E3%82%A4%E3%83%88&filter_params%5Blocations%5D%5B%5D=kanto&filter_params%5Boccupation_types%5D%5B%5D=jp__engineering&filter_type=mixed&list=8&page=11&show_working_friends=false
108,2,"Go,PHP,JS,API",学生インターン,株式会社EMoshU,自社サービス！PHP or Go言語で開発したいエンジニアインターン募集！,https://www.wantedly.com/projects/905820?filter_params%5Bauthorized%5D=true&filter_params%5Bcategory%5D=normal&filter_params%5Bcountry%5D=japan&filter_params%5Bkeywords%5D%5B%5D=%E3%82%A2%E3%83%AB%E3%83%90%E3%82%A4%E3%83%88&filter_params%5Blocations%5D%5B%5D=kanto&filter_params%5Boccupation_types%5D%5B%5D=jp__engineering&filter_type=mixed&list=9&page=11&show_working_friends=false
109,0,開発系システムエンジニア,,セルプロモート株式会社,チャレンジしたいことを教えてください！様々な開発に携わりたいエンジニア募集,https://www.wantedly.com/projects/1025290?filter_params%5Bauthorized%5D=true&filter_params%5Bcategory%5D=normal&filter_params%5Bcountry%5D=japan&filter_params%5Bkeywords%5D%5B%5D=%E3%82%A2%E3%83%AB%E3%83%90%E3%82%A4%E3%83%88&filter_params%5Blocations%5D%5B%5D=kanto&filter_params%5Boccupation_types%5D%5B%5D=jp__engineering&filter_type=mixed&list=10&page=11&show_working_friends=false
110,2,フロントエンドエンジニア,,株式会社クラダシ,ソーシャルグットマーケットECのフロントエンドを募集！,https://www.wantedly.com/projects/1072096?filter_params%5Bauthorized%5D=true&filter_params%5Bcategory%5D=normal&filter_params%5Bcountry%5D=japan&filter_params%5Bkeywords%5D%5B%5D=%E3%82%A2%E3%83%AB%E3%83%90%E3%82%A4%E3%83%88&filter_params%5Blocations%5D%5B%5D=kanto&filter_params%5Boccupation_types%5D%5B%5D=jp__engineering&filter_type=mixed&list=1&page=12&show_working_friends=false
111,1,エンジニアリング,,株式会社フォアフロントサービス,チーム一体となって顧客1stを目指す！技術力を高めたいエンジニア大募集！,https://www.wantedly.com/projects/407131?filter_params%5Bauthorized%5D=true&filter_params%5Bcategory%5D=normal&filter_params%5Bcountry%5D=japan&filter_params%5Bkeywords%5D%5B%5D=%E3%82%A2%E3%83%AB%E3%83%90%E3%82%A4%E3%83%88&filter_params%5Blocations%5D%5B%5D=kanto&filter_params%5Boccupation_types%5D%5B%5D=jp__engineering&filter_type=mixed&list=2&page=12&show_working_friends=false
112,2,JAVA/PHP,,株式会社シスナビ,趣味でプログラミングしていたエンジニアの卵を募集！,https://www.wantedly.com/projects/1040036?filter_params%5Bauthorized%5D=true&filter_params%5Bcategory%5D=normal&filter_params%5Bcountry%5D=japan&filter_params%5Bkeywords%5D%5B%5D=%E3%82%A2%E3%83%AB%E3%83%90%E3%82%A4%E3%83%88&filter_params%5Blocations%5D%5B%5D=kanto&filter_params%5Boccupation_types%5D%5B%5D=jp__engineering&filter_type=mixed&list=3&page=12&show_working_friends=false
113,2,データエンジニア,,株式会社HataLuck and Person,経営直結/3年先を見据えたデータ活用を考え基盤構築を行うデータエンジニア,https://www.wantedly.com/projects/758008?filter_params%5Bauthorized%5D=true&filter_params%5Bcategory%5D=normal&filter_params%5Bcountry%5D=japan&filter_params%5Bkeywords%5D%5B%5D=%E3%82%A2%E3%83%AB%E3%83%90%E3%82%A4%E3%83%88&filter_params%5Blocations%5D%5B%5D=kanto&filter_params%5Boccupation_types%5D%5B%5D=jp__engineering&filter_type=mixed&list=4&page=12&show_working_friends=false
114,109,ITエンジニア志望の方！,,株式会社Gizumo,オンライン面談受付中！5Gを支えるNWエンジニア志望をWANTED！,https://www.wantedly.com/projects/456185?filter_params%5Bauthorized%5D=true&filter_params%5Bcategory%5D=normal&filter_params%5Bcountry%5D=japan&filter_params%5Bkeywords%5D%5B%5D=%E3%82%A2%E3%83%AB%E3%83%90%E3%82%A4%E3%83%88&filter_params%5Blocations%5D%5B%5D=kanto&filter_params%5Boccupation_types%5D%5B%5D=jp__engineering&filter_type=mixed&list=5&page=12&show_working_friends=false
115,1,積極採用中（複数ポジション有）,,ノイン株式会社,8/24開催ノイン会社説明会／今後のIPO・海外展開に向けて組織拡大中！,https://www.wantedly.com/projects/1080468?filter_params%5Bauthorized%5D=true&filter_params%5Bcategory%5D=normal&filter_params%5Bcountry%5D=japan&filter_params%5Bkeywords%5D%5B%5D=%E3%82%A2%E3%83%AB%E3%83%90%E3%82%A4%E3%83%88&filter_params%5Blocations%5D%5B%5D=kanto&filter_params%5Boccupation_types%5D%5B%5D=jp__engineering&filter_type=mixed&list=6&page=12&show_working_friends=false
116,6,Railsエンジニア,,株式会社ラジコード,Railsの知見は豊富？アジャイル開発に携わりたいエンジニア募集！,https://www.wantedly.com/projects/1073339?filter_params%5Bauthorized%5D=true&filter_params%5Bcategory%5D=normal&filter_params%5Bcountry%5D=japan&filter_params%5Bkeywords%5D%5B%5D=%E3%82%A2%E3%83%AB%E3%83%90%E3%82%A4%E3%83%88&filter_params%5Blocations%5D%5B%5D=kanto&filter_params%5Boccupation_types%5D%5B%5D=jp__engineering&filter_type=mixed&list=7&page=12&show_working_friends=false
117,5,React／SaaS開発,フリーランス,circus株式会社,Reactのフロントエンドエンジニア／BtoBプラットフォーム開発,https://www.wantedly.com/projects/1030687?filter_params%5Bauthorized%5D=true&filter_params%5Bcategory%5D=normal&filter_params%5Bcountry%5D=japan&filter_params%5Bkeywords%5D%5B%5D=%E3%82%A2%E3%83%AB%E3%83%90%E3%82%A4%E3%83%88&filter_params%5Blocations%5D%5B%5D=kanto&filter_params%5Boccupation_types%5D%5B%5D=jp__engineering&filter_type=mixed&list=8&page=12&show_working_friends=false
118,0,エンジニアオープンポジション,,株式会社foxcale,エンジニア経験3年以上の方、サービス拡大のため力を貸してください！,https://www.wantedly.com/projects/844810?filter_params%5Bauthorized%5D=true&filter_params%5Bcategory%5D=normal&filter_params%5Bcountry%5D=japan&filter_params%5Bkeywords%5D%5B%5D=%E3%82%A2%E3%83%AB%E3%83%90%E3%82%A4%E3%83%88&filter_params%5Blocations%5D%5B%5D=kanto&filter_params%5Boccupation_types%5D%5B%5D=jp__engineering&filter_type=mixed&list=9&page=12&show_working_friends=false
119,10,Unityエンジニア,副業,Suishow株式会社,仮想空間に新たな価値を創る！裁量をもって働きたいUnityエンジニア募集！,https://www.wantedly.com/projects/1047069?filter_params%5Bauthorized%5D=true&filter_params%5Bcategory%5D=normal&filter_params%5Bcountry%5D=japan&filter_params%5Bkeywords%5D%5B%5D=%E3%82%A2%E3%83%AB%E3%83%90%E3%82%A4%E3%83%88&filter_params%5Blocations%5D%5B%5D=kanto&filter_params%5Boccupation_types%5D%5B%5D=jp__engineering&filter_type=mixed&list=10&page=12&show_working_friends=false
120,0,業界未経験でもOK,,株式会社テクタード,プログラミングスクールで学んだスキルを誰かのために使いませんか？,https://www.wantedly.com/projects/822191?filter_params%5Bauthorized%5D=true&filter_params%5Bcategory%5D=normal&filter_params%5Bcountry%5D=japan&filter_params%5Bkeywords%5D%5B%5D=%E3%82%A2%E3%83%AB%E3%83%90%E3%82%A4%E3%83%88&filter_params%5Blocations%5D%5B%5D=kanto&filter_params%5Boccupation_types%5D%5B%5D=jp__engineering&filter_type=mixed&list=1&page=13&show_working_friends=false
121,32,新兵の方もまずは話しましょう！,,株式会社Boatrip,クライアントの頼れるシステム部門を目指して..!! Webエンジニア募集中,https://www.wantedly.com/projects/634363?filter_params%5Bauthorized%5D=true&filter_params%5Bcategory%5D=normal&filter_params%5Bcountry%5D=japan&filter_params%5Bkeywords%5D%5B%5D=%E3%82%A2%E3%83%AB%E3%83%90%E3%82%A4%E3%83%88&filter_params%5Blocations%5D%5B%5D=kanto&filter_params%5Boccupation_types%5D%5B%5D=jp__engineering&filter_type=mixed&list=2&page=13&show_working_friends=false
122,45,〈インフラエンジニア：未経験〉,,株式会社ハートビーツ,経験不問！原理原則を学び、応用できる技術力で現場に強いインフラエンジニアになる！,https://www.wantedly.com/projects/342420?filter_params%5Bauthorized%5D=true&filter_params%5Bcategory%5D=normal&filter_params%5Bcountry%5D=japan&filter_params%5Bkeywords%5D%5B%5D=%E3%82%A2%E3%83%AB%E3%83%90%E3%82%A4%E3%83%88&filter_params%5Blocations%5D%5B%5D=kanto&filter_params%5Boccupation_types%5D%5B%5D=jp__engineering&filter_type=mixed&list=3&page=13&show_working_friends=false
123,20,サーバーサイドエンジニア,,株式会社ユニラボ,技術ドリブンな会社で自社プロダクト開発！サーバーサイドエンジニア募集！,https://www.wantedly.com/projects/569664?filter_params%5Bauthorized%5D=true&filter_params%5Bcategory%5D=normal&filter_params%5Bcountry%5D=japan&filter_params%5Bkeywords%5D%5B%5D=%E3%82%A2%E3%83%AB%E3%83%90%E3%82%A4%E3%83%88&filter_params%5Blocations%5D%5B%5D=kanto&filter_params%5Boccupation_types%5D%5B%5D=jp__engineering&filter_type=mixed&list=4&page=13&show_working_friends=false
124,0,社内SE 未経験 インフラ担当,,株式会社エー・ソリューションズ,社内SE 社内インフラ担当から始めるインフラエンジニアを募集！独学歓迎です,https://www.wantedly.com/projects/1055158?filter_params%5Bauthorized%5D=true&filter_params%5Bcategory%5D=normal&filter_params%5Bcountry%5D=japan&filter_params%5Bkeywords%5D%5B%5D=%E3%82%A2%E3%83%AB%E3%83%90%E3%82%A4%E3%83%88&filter_params%5Blocations%5D%5B%5D=kanto&filter_params%5Boccupation_types%5D%5B%5D=jp__engineering&filter_type=mixed&list=5&page=13&show_working_friends=false
125,5,スマホアプリエンジニア,,株式会社レンサ,スマホアプリエンジニア - Android / iOSチーム,https://www.wantedly.com/projects/1026400?filter_params%5Bauthorized%5D=true&filter_params%5Bcategory%5D=normal&filter_params%5Bcountry%5D=japan&filter_params%5Bkeywords%5D%5B%5D=%E3%82%A2%E3%83%AB%E3%83%90%E3%82%A4%E3%83%88&filter_params%5Blocations%5D%5B%5D=kanto&filter_params%5Boccupation_types%5D%5B%5D=jp__engineering&filter_type=mixed&list=6&page=13&show_working_friends=false
126,5,フロントエンジニア,,aipass株式会社,若手エンジニア活躍中！宿泊・旅行系スタートアップのコアメンバー！,https://www.wantedly.com/projects/790060?filter_params%5Bauthorized%5D=true&filter_params%5Bcategory%5D=normal&filter_params%5Bcountry%5D=japan&filter_params%5Bkeywords%5D%5B%5D=%E3%82%A2%E3%83%AB%E3%83%90%E3%82%A4%E3%83%88&filter_params%5Blocations%5D%5B%5D=kanto&filter_params%5Boccupation_types%5D%5B%5D=jp__engineering&filter_type=mixed&list=7&page=13&show_working_friends=false
127,0,プログラマー,,株式会社光ソフトウェア,スクールや研修内容の不足により現場で苦労していませんか？,https://www.wantedly.com/projects/1078126?filter_params%5Bauthorized%5D=true&filter_params%5Bcategory%5D=normal&filter_params%5Bcountry%5D=japan&filter_params%5Bkeywords%5D%5B%5D=%E3%82%A2%E3%83%AB%E3%83%90%E3%82%A4%E3%83%88&filter_params%5Blocations%5D%5B%5D=kanto&filter_params%5Boccupation_types%5D%5B%5D=jp__engineering&filter_type=mixed&list=8&page=13&show_working_friends=false
128,14,Webエンジニア,,株式会社スマスマ,営業に革命を起こす！プロダクトをゼロから創る創業エンジニア募集！,https://www.wantedly.com/projects/659845?filter_params%5Bauthorized%5D=true&filter_params%5Bcategory%5D=normal&filter_params%5Bcountry%5D=japan&filter_params%5Bkeywords%5D%5B%5D=%E3%82%A2%E3%83%AB%E3%83%90%E3%82%A4%E3%83%88&filter_params%5Blocations%5D%5B%5D=kanto&filter_params%5Boccupation_types%5D%5B%5D=jp__engineering&filter_type=mixed&list=9&page=13&show_working_friends=false
129,10,未経験歓迎｜エンジニア,,合同会社Ko-Lab,教育体制が充実｜エンジニアになりたい！というあなたの想いを尊重します。,https://www.wantedly.com/projects/1031740?filter_params%5Bauthorized%5D=true&filter_params%5Bcategory%5D=normal&filter_params%5Bcountry%5D=japan&filter_params%5Bkeywords%5D%5B%5D=%E3%82%A2%E3%83%AB%E3%83%90%E3%82%A4%E3%83%88&filter_params%5Blocations%5D%5B%5D=kanto&filter_params%5Boccupation_types%5D%5B%5D=jp__engineering&filter_type=mixed&list=10&page=13&show_working_friends=false
130,1,Webエンジニア/リーダー候補,,株式会社シンクロ・フード,SIer出身者も活躍中！10種以上の飲食業支援サービスを運営する事業会社,https://www.wantedly.com/projects/1080791?filter_params%5Bauthorized%5D=true&filter_params%5Bcategory%5D=normal&filter_params%5Bcountry%5D=japan&filter_params%5Bkeywords%5D%5B%5D=%E3%82%A2%E3%83%AB%E3%83%90%E3%82%A4%E3%83%88&filter_params%5Blocations%5D%5B%5D=kanto&filter_params%5Boccupation_types%5D%5B%5D=jp__engineering&filter_type=mixed&list=1&page=14&show_working_friends=false
131,1,Webエンジニア,,株式会社フジボウル,まじめな人、コツコツと仕事ができる人が、評価される会社です,https://www.wantedly.com/projects/890150?filter_params%5Bauthorized%5D=true&filter_params%5Bcategory%5D=normal&filter_params%5Bcountry%5D=japan&filter_params%5Bkeywords%5D%5B%5D=%E3%82%A2%E3%83%AB%E3%83%90%E3%82%A4%E3%83%88&filter_params%5Blocations%5D%5B%5D=kanto&filter_params%5Boccupation_types%5D%5B%5D=jp__engineering&filter_type=mixed&list=2&page=14&show_working_friends=false
132,21,Railsエンジニア,,株式会社WILLCO,Ruby経験者求む！技術ギークな方大歓迎！,https://www.wantedly.com/projects/556264?filter_params%5Bauthorized%5D=true&filter_params%5Bcategory%5D=normal&filter_params%5Bcountry%5D=japan&filter_params%5Bkeywords%5D%5B%5D=%E3%82%A2%E3%83%AB%E3%83%90%E3%82%A4%E3%83%88&filter_params%5Blocations%5D%5B%5D=kanto&filter_params%5Boccupation_types%5D%5B%5D=jp__engineering&filter_type=mixed&list=3&page=14&show_working_friends=false
133,97,サーバーサイドエンジニア,,フラー株式会社,都会の喧騒を離れGo言語で開発したいサーバーサイドエンジニア募集,https://www.wantedly.com/projects/302099?filter_params%5Bauthorized%5D=true&filter_params%5Bcategory%5D=normal&filter_params%5Bcountry%5D=japan&filter_params%5Bkeywords%5D%5B%5D=%E3%82%A2%E3%83%AB%E3%83%90%E3%82%A4%E3%83%88&filter_params%5Blocations%5D%5B%5D=kanto&filter_params%5Boccupation_types%5D%5B%5D=jp__engineering&filter_type=mixed&list=4&page=14&show_working_friends=false
134,0,エンジニアリング,,コグラフ株式会社,音声会話技術を搭載したAI電話サービスにおけるテックリードWANTED,https://www.wantedly.com/projects/1095652?filter_params%5Bauthorized%5D=true&filter_params%5Bcategory%5D=normal&filter_params%5Bcountry%5D=japan&filter_params%5Bkeywords%5D%5B%5D=%E3%82%A2%E3%83%AB%E3%83%90%E3%82%A4%E3%83%88&filter_params%5Blocations%5D%5B%5D=kanto&filter_params%5Boccupation_types%5D%5B%5D=jp__engineering&filter_type=mixed&list=5&page=14&show_working_friends=false
135,5,Webエンジニア,,株式会社ApplyNow,HR業界のDXを推進するためのエンジニア募集！,https://www.wantedly.com/projects/589825?filter_params%5Bauthorized%5D=true&filter_params%5Bcategory%5D=normal&filter_params%5Bcountry%5D=japan&filter_params%5Bkeywords%5D%5B%5D=%E3%82%A2%E3%83%AB%E3%83%90%E3%82%A4%E3%83%88&filter_params%5Blocations%5D%5B%5D=kanto&filter_params%5Boccupation_types%5D%5B%5D=jp__engineering&filter_type=mixed&list=6&page=14&show_working_friends=false
136,29,フロントエンドエンジニア,,株式会社Her's,200サイト制作｜エンジニアのまっきーです。僕を助けてください！,https://www.wantedly.com/projects/530529?filter_params%5Bauthorized%5D=true&filter_params%5Bcategory%5D=normal&filter_params%5Bcountry%5D=japan&filter_params%5Bkeywords%5D%5B%5D=%E3%82%A2%E3%83%AB%E3%83%90%E3%82%A4%E3%83%88&filter_params%5Blocations%5D%5B%5D=kanto&filter_params%5Boccupation_types%5D%5B%5D=jp__engineering&filter_type=mixed&list=7&page=14&show_working_friends=false
137,12,Webエンジニア,,株式会社カカクコム,急成長中サービス！求人ボックス・スマイティのWEBエンジニア募集！,https://www.wantedly.com/projects/695696?filter_params%5Bauthorized%5D=true&filter_params%5Bcategory%5D=normal&filter_params%5Bcountry%5D=japan&filter_params%5Bkeywords%5D%5B%5D=%E3%82%A2%E3%83%AB%E3%83%90%E3%82%A4%E3%83%88&filter_params%5Blocations%5D%5B%5D=kanto&filter_params%5Boccupation_types%5D%5B%5D=jp__engineering&filter_type=mixed&list=8&page=14&show_working_friends=false
138,0,副業 バックエンド,,株式会社GoQSystem,あったらいいなをカタチにできる！バックエンドエンジニア大募集！！,https://www.wantedly.com/projects/1087478?filter_params%5Bauthorized%5D=true&filter_params%5Bcategory%5D=normal&filter_params%5Bcountry%5D=japan&filter_params%5Bkeywords%5D%5B%5D=%E3%82%A2%E3%83%AB%E3%83%90%E3%82%A4%E3%83%88&filter_params%5Blocations%5D%5B%5D=kanto&filter_params%5Boccupation_types%5D%5B%5D=jp__engineering&filter_type=mixed&list=9&page=14&show_working_friends=false
139,2,XRエンジニア講師,,AVR Japan株式会社,Wanted！ AR・VR業界の未来を一緒につくるXR技術講師募集,https://www.wantedly.com/projects/594588?filter_params%5Bauthorized%5D=true&filter_params%5Bcategory%5D=normal&filter_params%5Bcountry%5D=japan&filter_params%5Bkeywords%5D%5B%5D=%E3%82%A2%E3%83%AB%E3%83%90%E3%82%A4%E3%83%88&filter_params%5Blocations%5D%5B%5D=kanto&filter_params%5Boccupation_types%5D%5B%5D=jp__engineering&filter_type=mixed&list=10&page=14&show_working_friends=false
140,30,Javascriptエンジニア,,Tres Innovation株式会社,Jsがアツい！JavascriptのFWでWeb系の開発をしたいエンジニア,https://www.wantedly.com/projects/424033?filter_params%5Bauthorized%5D=true&filter_params%5Bcategory%5D=normal&filter_params%5Bcountry%5D=japan&filter_params%5Bkeywords%5D%5B%5D=%E3%82%A2%E3%83%AB%E3%83%90%E3%82%A4%E3%83%88&filter_params%5Blocations%5D%5B%5D=kanto&filter_params%5Boccupation_types%5D%5B%5D=jp__engineering&filter_type=mixed&list=1&page=15&show_working_friends=false
141,1,Webエンジニア,,株式会社whitecanvas,開発チームをリードするFlutterエンジニア大募集！,https://www.wantedly.com/projects/722122?filter_params%5Bauthorized%5D=true&filter_params%5Bcategory%5D=normal&filter_params%5Bcountry%5D=japan&filter_params%5Bkeywords%5D%5B%5D=%E3%82%A2%E3%83%AB%E3%83%90%E3%82%A4%E3%83%88&filter_params%5Blocations%5D%5B%5D=kanto&filter_params%5Boccupation_types%5D%5B%5D=jp__engineering&filter_type=mixed&list=2&page=15&show_working_friends=false
142,0,エンジニア（リーダー候補）,,アメリエフ株式会社,サーバーシステム開発の中核人材を募集！リーダー候補,https://www.wantedly.com/projects/918271?filter_params%5Bauthorized%5D=true&filter_params%5Bcategory%5D=normal&filter_params%5Bcountry%5D=japan&filter_params%5Bkeywords%5D%5B%5D=%E3%82%A2%E3%83%AB%E3%83%90%E3%82%A4%E3%83%88&filter_params%5Blocations%5D%5B%5D=kanto&filter_params%5Boccupation_types%5D%5B%5D=jp__engineering&filter_type=mixed&list=3&page=15&show_working_friends=false
143,16,Webフロント、バックエンド,,フィグニー株式会社,東京オフィス | 仕事=エンジニアリングな熱い仲間求む！,https://www.wantedly.com/projects/791947?filter_params%5Bauthorized%5D=true&filter_params%5Bcategory%5D=normal&filter_params%5Bcountry%5D=japan&filter_params%5Bkeywords%5D%5B%5D=%E3%82%A2%E3%83%AB%E3%83%90%E3%82%A4%E3%83%88&filter_params%5Blocations%5D%5B%5D=kanto&filter_params%5Boccupation_types%5D%5B%5D=jp__engineering&filter_type=mixed&list=4&page=15&show_working_friends=false
144,3,1人目のSRE,,株式会社MyRefer,累計9.6億調達！700社40万人利用のHRtech、1人目のSRE募集！,https://www.wantedly.com/projects/718531?filter_params%5Bauthorized%5D=true&filter_params%5Bcategory%5D=normal&filter_params%5Bcountry%5D=japan&filter_params%5Bkeywords%5D%5B%5D=%E3%82%A2%E3%83%AB%E3%83%90%E3%82%A4%E3%83%88&filter_params%5Blocations%5D%5B%5D=kanto&filter_params%5Boccupation_types%5D%5B%5D=jp__engineering&filter_type=mixed&list=5&page=15&show_working_friends=false
145,8,フロントエンドエンジニア,,naturaltech株式会社,＊CTO直下＊ 美容・健康D2Cサービスを手がけるエンジニアを募集！,https://www.wantedly.com/projects/671840?filter_params%5Bauthorized%5D=true&filter_params%5Bcategory%5D=normal&filter_params%5Bcountry%5D=japan&filter_params%5Bkeywords%5D%5B%5D=%E3%82%A2%E3%83%AB%E3%83%90%E3%82%A4%E3%83%88&filter_params%5Blocations%5D%5B%5D=kanto&filter_params%5Boccupation_types%5D%5B%5D=jp__engineering&filter_type=mixed&list=6&page=15&show_working_friends=false
146,33,フルスタックエンジニア,,株式会社DELIPICKS,急成長中！フードデリバリースタートアップでフルスタックエンジニア募集！,https://www.wantedly.com/projects/635439?filter_params%5Bauthorized%5D=true&filter_params%5Bcategory%5D=normal&filter_params%5Bcountry%5D=japan&filter_params%5Bkeywords%5D%5B%5D=%E3%82%A2%E3%83%AB%E3%83%90%E3%82%A4%E3%83%88&filter_params%5Blocations%5D%5B%5D=kanto&filter_params%5Boccupation_types%5D%5B%5D=jp__engineering&filter_type=mixed&list=7&page=15&show_working_friends=false
147,1,バックエンドエンジニア,,株式会社GeaRaise,リリース目前！モダンな環境で挑戦する創業期チームへ｜バックエンドエンジニア,https://www.wantedly.com/projects/1055676?filter_params%5Bauthorized%5D=true&filter_params%5Bcategory%5D=normal&filter_params%5Bcountry%5D=japan&filter_params%5Bkeywords%5D%5B%5D=%E3%82%A2%E3%83%AB%E3%83%90%E3%82%A4%E3%83%88&filter_params%5Blocations%5D%5B%5D=kanto&filter_params%5Boccupation_types%5D%5B%5D=jp__engineering&filter_type=mixed&list=8&page=15&show_working_friends=false
148,0,プロジェクトリーダー,,株式会社エーエルジェイ,グローバルな環境で活躍！アパレルを支える BtoBtoC ECサイトの開発,https://www.wantedly.com/projects/1086331?filter_params%5Bauthorized%5D=true&filter_params%5Bcategory%5D=normal&filter_params%5Bcountry%5D=japan&filter_params%5Bkeywords%5D%5B%5D=%E3%82%A2%E3%83%AB%E3%83%90%E3%82%A4%E3%83%88&filter_params%5Blocations%5D%5B%5D=kanto&filter_params%5Boccupation_types%5D%5B%5D=jp__engineering&filter_type=mixed&list=9&page=15&show_working_friends=false
149,7,フルスタックエンジニア,,株式会社アグリメディア,農業ベンチャーのリードエンジニア募集！事業推進者として活躍したい人必見！！,https://www.wantedly.com/projects/526632?filter_params%5Bauthorized%5D=true&filter_params%5Bcategory%5D=normal&filter_params%5Bcountry%5D=japan&filter_params%5Bkeywords%5D%5B%5D=%E3%82%A2%E3%83%AB%E3%83%90%E3%82%A4%E3%83%88&filter_params%5Blocations%5D%5B%5D=kanto&filter_params%5Boccupation_types%5D%5B%5D=jp__engineering&filter_type=mixed&list=10&page=15&show_working_friends=false
150,15,フロントエンドエンジニア,,hachidori株式会社,チャットボットを軸に事業を加速させるフロントエンドエンジニアを募集中！,https://www.wantedly.com/projects/647954?filter_params%5Bauthorized%5D=true&filter_params%5Bcategory%5D=normal&filter_params%5Bcountry%5D=japan&filter_params%5Bkeywords%5D%5B%5D=%E3%82%A2%E3%83%AB%E3%83%90%E3%82%A4%E3%83%88&filter_params%5Blocations%5D%5B%5D=kanto&filter_params%5Boccupation_types%5D%5B%5D=jp__engineering&filter_type=mixed&list=1&page=16&show_working_friends=false
151,28,サーバーサイドエンジニア,,株式会社ロジクラ,人員増強中！小売産業のDXを推進するロジクラでサーバサイドエンジニア募集,https://www.wantedly.com/projects/645303?filter_params%5Bauthorized%5D=true&filter_params%5Bcategory%5D=normal&filter_params%5Bcountry%5D=japan&filter_params%5Bkeywords%5D%5B%5D=%E3%82%A2%E3%83%AB%E3%83%90%E3%82%A4%E3%83%88&filter_params%5Blocations%5D%5B%5D=kanto&filter_params%5Boccupation_types%5D%5B%5D=jp__engineering&filter_type=mixed&list=2&page=16&show_working_friends=false
152,99,サーバサイドエンジニア,,ストリートアカデミー株式会社,50万人のスキルシェアサービスをグロースさせたいサーバサイドエンジニア募集,https://www.wantedly.com/projects/260906?filter_params%5Bauthorized%5D=true&filter_params%5Bcategory%5D=normal&filter_params%5Bcountry%5D=japan&filter_params%5Bkeywords%5D%5B%5D=%E3%82%A2%E3%83%AB%E3%83%90%E3%82%A4%E3%83%88&filter_params%5Blocations%5D%5B%5D=kanto&filter_params%5Boccupation_types%5D%5B%5D=jp__engineering&filter_type=mixed&list=3&page=16&show_working_friends=false
153,2,ソフトウェアエンジニア,,株式会社QuickWork,創業3期 自社開発SaaSのソフトウェアエンジニアCTO候補募集,https://www.wantedly.com/projects/923289?filter_params%5Bauthorized%5D=true&filter_params%5Bcategory%5D=normal&filter_params%5Bcountry%5D=japan&filter_params%5Bkeywords%5D%5B%5D=%E3%82%A2%E3%83%AB%E3%83%90%E3%82%A4%E3%83%88&filter_params%5Blocations%5D%5B%5D=kanto&filter_params%5Boccupation_types%5D%5B%5D=jp__engineering&filter_type=mixed&list=4&page=16&show_working_friends=false
154,28,フロント/サーバーエンジニア,,any株式会社,"1,200社が使うSaaSプロダクトに磨きをかけてくれるエンジニアを募集",https://www.wantedly.com/projects/457029?filter_params%5Bauthorized%5D=true&filter_params%5Bcategory%5D=normal&filter_params%5Bcountry%5D=japan&filter_params%5Bkeywords%5D%5B%5D=%E3%82%A2%E3%83%AB%E3%83%90%E3%82%A4%E3%83%88&filter_params%5Blocations%5D%5B%5D=kanto&filter_params%5Boccupation_types%5D%5B%5D=jp__engineering&filter_type=mixed&list=5&page=16&show_working_friends=false
155,14,フロントエンドエンジニア,,株式会社ヘッドジャパン,自社内開発｜バズるモノより長く使われるモノをつくりたいwebエンジニア募集,https://www.wantedly.com/projects/399457?filter_params%5Bauthorized%5D=true&filter_params%5Bcategory%5D=normal&filter_params%5Bcountry%5D=japan&filter_params%5Bkeywords%5D%5B%5D=%E3%82%A2%E3%83%AB%E3%83%90%E3%82%A4%E3%83%88&filter_params%5Blocations%5D%5B%5D=kanto&filter_params%5Boccupation_types%5D%5B%5D=jp__engineering&filter_type=mixed&list=6&page=16&show_working_friends=false
156,8,Webエンジニア,新卒,アクシスイノベーション株式会社,新卒採用！｜東京勤務！｜経験豊富なメンバーと共に成長したいエンジニア募集！,https://www.wantedly.com/projects/790043?filter_params%5Bauthorized%5D=true&filter_params%5Bcategory%5D=normal&filter_params%5Bcountry%5D=japan&filter_params%5Bkeywords%5D%5B%5D=%E3%82%A2%E3%83%AB%E3%83%90%E3%82%A4%E3%83%88&filter_params%5Blocations%5D%5B%5D=kanto&filter_params%5Boccupation_types%5D%5B%5D=jp__engineering&filter_type=mixed&list=7&page=16&show_working_friends=false
157,388,Webエンジニア,,株式会社 アカリ,最新の技術でWeb構築に関わりたいアルバイトを募集中！,https://www.wantedly.com/projects/213658?filter_params%5Bauthorized%5D=true&filter_params%5Bcategory%5D=normal&filter_params%5Bcountry%5D=japan&filter_params%5Bkeywords%5D%5B%5D=%E3%82%A2%E3%83%AB%E3%83%90%E3%82%A4%E3%83%88&filter_params%5Blocations%5D%5B%5D=kanto&filter_params%5Boccupation_types%5D%5B%5D=jp__engineering&filter_type=mixed&list=8&page=16&show_working_friends=false
158,4,研究開発エンジニア,,株式会社プレミアムアーツ,最新の開発ツールや3DCG描画エンジンに触れたい開発エンジニア募集！,https://www.wantedly.com/projects/180249?filter_params%5Bauthorized%5D=true&filter_params%5Bcategory%5D=normal&filter_params%5Bcountry%5D=japan&filter_params%5Bkeywords%5D%5B%5D=%E3%82%A2%E3%83%AB%E3%83%90%E3%82%A4%E3%83%88&filter_params%5Blocations%5D%5B%5D=kanto&filter_params%5Boccupation_types%5D%5B%5D=jp__engineering&filter_type=mixed&list=9&page=16&show_working_friends=false
159,58,前処理職人,,ディップ株式会社,機械学習の前に、前処理大好きな人と会ってみたいです,https://www.wantedly.com/projects/427896?filter_params%5Bauthorized%5D=true&filter_params%5Bcategory%5D=normal&filter_params%5Bcountry%5D=japan&filter_params%5Bkeywords%5D%5B%5D=%E3%82%A2%E3%83%AB%E3%83%90%E3%82%A4%E3%83%88&filter_params%5Blocations%5D%5B%5D=kanto&filter_params%5Boccupation_types%5D%5B%5D=jp__engineering&filter_type=mixed&list=10&page=16&show_working_friends=false
160,92,メカ設計エンジニア/インターン,学生インターン,株式会社ASTINA,メカに興味がある学生アルバイト募集！AIxロボットスタートアップ！,https://www.wantedly.com/projects/262985?filter_params%5Bauthorized%5D=true&filter_params%5Bcategory%5D=normal&filter_params%5Bcountry%5D=japan&filter_params%5Bkeywords%5D%5B%5D=%E3%82%A2%E3%83%AB%E3%83%90%E3%82%A4%E3%83%88&filter_params%5Blocations%5D%5B%5D=kanto&filter_params%5Boccupation_types%5D%5B%5D=jp__engineering&filter_type=mixed&list=1&page=17&show_working_friends=false
161,84,エンジニア（有給インターン）,学生インターン,note株式会社,大規模サービスを作るまたとないチャンス！noteエンジニアインターン,https://www.wantedly.com/projects/641740?filter_params%5Bauthorized%5D=true&filter_params%5Bcategory%5D=normal&filter_params%5Bcountry%5D=japan&filter_params%5Bkeywords%5D%5B%5D=%E3%82%A2%E3%83%AB%E3%83%90%E3%82%A4%E3%83%88&filter_params%5Blocations%5D%5B%5D=kanto&filter_params%5Boccupation_types%5D%5B%5D=jp__engineering&filter_type=mixed&list=2&page=17&show_working_friends=false
162,31,データサイエンティスト,学生インターン,おいしい健康,ヘルスケアAI領域の最前線/食と健康のデータ分析を担う学生インターン募集！,https://www.wantedly.com/projects/815904?filter_params%5Bauthorized%5D=true&filter_params%5Bcategory%5D=normal&filter_params%5Bcountry%5D=japan&filter_params%5Bkeywords%5D%5B%5D=%E3%82%A2%E3%83%AB%E3%83%90%E3%82%A4%E3%83%88&filter_params%5Blocations%5D%5B%5D=kanto&filter_params%5Boccupation_types%5D%5B%5D=jp__engineering&filter_type=mixed&list=3&page=17&show_working_friends=false
163,1,Androidエンジニア,パートタイム・契約,REALITY株式会社,アルバイト：バーチャルライブ配信アプリのAndroidエンジニア,https://www.wantedly.com/projects/805871?filter_params%5Bauthorized%5D=true&filter_params%5Bcategory%5D=normal&filter_params%5Bcountry%5D=japan&filter_params%5Bkeywords%5D%5B%5D=%E3%82%A2%E3%83%AB%E3%83%90%E3%82%A4%E3%83%88&filter_params%5Blocations%5D%5B%5D=kanto&filter_params%5Boccupation_types%5D%5B%5D=jp__engineering&filter_type=mixed&list=4&page=17&show_working_friends=false
164,0,Webエンジニア,学生インターン,Senjin Holdings,本気で自分を成長させたいエンジニアインターン大募集！,https://www.wantedly.com/projects/1096684?filter_params%5Bauthorized%5D=true&filter_params%5Bcategory%5D=normal&filter_params%5Bcountry%5D=japan&filter_params%5Bkeywords%5D%5B%5D=%E3%82%A2%E3%83%AB%E3%83%90%E3%82%A4%E3%83%88&filter_params%5Blocations%5D%5B%5D=kanto&filter_params%5Boccupation_types%5D%5B%5D=jp__engineering&filter_type=mixed&list=5&page=17&show_working_friends=false
165,8,リサーチエンジニア/インターン,学生インターン,株式会社Ridge-i,AIの社会実装をインターンで加速させるリサーチエンジニアWANTED！,https://www.wantedly.com/projects/897697?filter_params%5Bauthorized%5D=true&filter_params%5Bcategory%5D=normal&filter_params%5Bcountry%5D=japan&filter_params%5Bkeywords%5D%5B%5D=%E3%82%A2%E3%83%AB%E3%83%90%E3%82%A4%E3%83%88&filter_params%5Blocations%5D%5B%5D=kanto&filter_params%5Boccupation_types%5D%5B%5D=jp__engineering&filter_type=mixed&list=6&page=17&show_working_friends=false
166,11,AIエンジニア,学生インターン,株式会社ＧＡＵＳＳ,文系OK/学生インターン募集中！AI開発に関わるPC作業・PJ進行サポート,https://www.wantedly.com/projects/1067261?filter_params%5Bauthorized%5D=true&filter_params%5Bcategory%5D=normal&filter_params%5Bcountry%5D=japan&filter_params%5Bkeywords%5D%5B%5D=%E3%82%A2%E3%83%AB%E3%83%90%E3%82%A4%E3%83%88&filter_params%5Blocations%5D%5B%5D=kanto&filter_params%5Boccupation_types%5D%5B%5D=jp__engineering&filter_type=mixed&list=7&page=17&show_working_friends=false
167,3,webマーケティング,学生インターン,AnyMind Group,23卒｜グローバル規模でのビジネスに興味がある方大募集,https://www.wantedly.com/projects/1058670?filter_params%5Bauthorized%5D=true&filter_params%5Bcategory%5D=normal&filter_params%5Bcountry%5D=japan&filter_params%5Bkeywords%5D%5B%5D=%E3%82%A2%E3%83%AB%E3%83%90%E3%82%A4%E3%83%88&filter_params%5Blocations%5D%5B%5D=kanto&filter_params%5Boccupation_types%5D%5B%5D=jp__engineering&filter_type=mixed&list=8&page=17&show_working_friends=false
168,89,デバッガー,,クラスター株式会社,clusterの開発を加速するQAテスターアルバイト募集！,https://www.wantedly.com/projects/403915?filter_params%5Bauthorized%5D=true&filter_params%5Bcategory%5D=normal&filter_params%5Bcountry%5D=japan&filter_params%5Bkeywords%5D%5B%5D=%E3%82%A2%E3%83%AB%E3%83%90%E3%82%A4%E3%83%88&filter_params%5Blocations%5D%5B%5D=kanto&filter_params%5Boccupation_types%5D%5B%5D=jp__engineering&filter_type=mixed&list=9&page=17&show_working_friends=false
169,8,ティーチングアシスタント,,NABLAS,学生歓迎！機械学習のスキルを活かしたAI講座アシスタント募集,https://www.wantedly.com/projects/643269?filter_params%5Bauthorized%5D=true&filter_params%5Bcategory%5D=normal&filter_params%5Bcountry%5D=japan&filter_params%5Bkeywords%5D%5B%5D=%E3%82%A2%E3%83%AB%E3%83%90%E3%82%A4%E3%83%88&filter_params%5Blocations%5D%5B%5D=kanto&filter_params%5Boccupation_types%5D%5B%5D=jp__engineering&filter_type=mixed&list=10&page=17&show_working_friends=false
170,506,大学生インターン,学生インターン,TOWN株式会社,友達と一緒に！２人ペアでプログラミングを学ぶ大学生インターンWANTED！,https://www.wantedly.com/projects/194241?filter_params%5Bauthorized%5D=true&filter_params%5Bcategory%5D=normal&filter_params%5Bcountry%5D=japan&filter_params%5Bkeywords%5D%5B%5D=%E3%82%A2%E3%83%AB%E3%83%90%E3%82%A4%E3%83%88&filter_params%5Blocations%5D%5B%5D=kanto&filter_params%5Boccupation_types%5D%5B%5D=jp__engineering&filter_type=mixed&list=1&page=18&show_working_friends=false
171,11,開発エンジニア,新卒,株式会社マイナビ,23卒採用 これからのマイナビを創る！開発エンジニアを積極募集中！！,https://www.wantedly.com/projects/906347?filter_params%5Bauthorized%5D=true&filter_params%5Bcategory%5D=normal&filter_params%5Bcountry%5D=japan&filter_params%5Bkeywords%5D%5B%5D=%E3%82%A2%E3%83%AB%E3%83%90%E3%82%A4%E3%83%88&filter_params%5Blocations%5D%5B%5D=kanto&filter_params%5Boccupation_types%5D%5B%5D=jp__engineering&filter_type=mixed&list=2&page=18&show_working_friends=false
172,1,開発アシスタント アルバイト,パートタイム・契約,株式会社メイキップ,企画アシスタント｜自社サービスのシステム要求定義等お任せします,https://www.wantedly.com/projects/1074834?filter_params%5Bauthorized%5D=true&filter_params%5Bcategory%5D=normal&filter_params%5Bcountry%5D=japan&filter_params%5Bkeywords%5D%5B%5D=%E3%82%A2%E3%83%AB%E3%83%90%E3%82%A4%E3%83%88&filter_params%5Blocations%5D%5B%5D=kanto&filter_params%5Boccupation_types%5D%5B%5D=jp__engineering&filter_type=mixed&list=3&page=18&show_working_friends=false
173,2,品質管理アシスタント,,株式会社ドリームオンライン,品質管理部でアプリのテスト・検証を担ってくださるパートスタッフを募集中！,https://www.wantedly.com/projects/403975?filter_params%5Bauthorized%5D=true&filter_params%5Bcategory%5D=normal&filter_params%5Bcountry%5D=japan&filter_params%5Bkeywords%5D%5B%5D=%E3%82%A2%E3%83%AB%E3%83%90%E3%82%A4%E3%83%88&filter_params%5Blocations%5D%5B%5D=kanto&filter_params%5Boccupation_types%5D%5B%5D=jp__engineering&filter_type=mixed&list=4&page=18&show_working_friends=false
174,32,新卒エンジニア説明会,新卒,dely株式会社,23卒エンジニア| 新事業開発にも取り組むdelyのオンライン会社説明会,https://www.wantedly.com/projects/843745?filter_params%5Bauthorized%5D=true&filter_params%5Bcategory%5D=normal&filter_params%5Bcountry%5D=japan&filter_params%5Bkeywords%5D%5B%5D=%E3%82%A2%E3%83%AB%E3%83%90%E3%82%A4%E3%83%88&filter_params%5Blocations%5D%5B%5D=kanto&filter_params%5Boccupation_types%5D%5B%5D=jp__engineering&filter_type=mixed&list=5&page=18&show_working_friends=false
175,5,23卒/エンジニア,新卒,株式会社エニグモ,23卒/グローバルECサイト/BUYMAの自社開発に挑戦しませんか？,https://www.wantedly.com/projects/1066230?filter_params%5Bauthorized%5D=true&filter_params%5Bcategory%5D=normal&filter_params%5Bcountry%5D=japan&filter_params%5Bkeywords%5D%5B%5D=%E3%82%A2%E3%83%AB%E3%83%90%E3%82%A4%E3%83%88&filter_params%5Blocations%5D%5B%5D=kanto&filter_params%5Boccupation_types%5D%5B%5D=jp__engineering&filter_type=mixed&list=6&page=18&show_working_friends=false
176,1,24卒エンジニア,学生インターン,メドピア株式会社,1dayインターン｜エンジニアから直接コードレビューを受けたい学生募集！,https://www.wantedly.com/projects/1030847?filter_params%5Bauthorized%5D=true&filter_params%5Bcategory%5D=normal&filter_params%5Bcountry%5D=japan&filter_params%5Bkeywords%5D%5B%5D=%E3%82%A2%E3%83%AB%E3%83%90%E3%82%A4%E3%83%88&filter_params%5Blocations%5D%5B%5D=kanto&filter_params%5Boccupation_types%5D%5B%5D=jp__engineering&filter_type=mixed&list=7&page=18&show_working_friends=false
177,5,フロントエンドエンジニア,学生インターン,株式会社ZOZO,24新卒 就業型インターン｜ZOZO フロントエンドエンジニア募集！,https://www.wantedly.com/projects/1044895?filter_params%5Bauthorized%5D=true&filter_params%5Bcategory%5D=normal&filter_params%5Bcountry%5D=japan&filter_params%5Bkeywords%5D%5B%5D=%E3%82%A2%E3%83%AB%E3%83%90%E3%82%A4%E3%83%88&filter_params%5Blocations%5D%5B%5D=kanto&filter_params%5Boccupation_types%5D%5B%5D=jp__engineering&filter_type=mixed&list=8&page=18&show_working_friends=false
178,2,マークアップエンジニア,学生インターン,BRANU株式会社,建設業界の課題に挑む、マークアップエンジニア募集！,https://www.wantedly.com/projects/880868?filter_params%5Bauthorized%5D=true&filter_params%5Bcategory%5D=normal&filter_params%5Bcountry%5D=japan&filter_params%5Bkeywords%5D%5B%5D=%E3%82%A2%E3%83%AB%E3%83%90%E3%82%A4%E3%83%88&filter_params%5Blocations%5D%5B%5D=kanto&filter_params%5Boccupation_types%5D%5B%5D=jp__engineering&filter_type=mixed&list=9&page=18&show_working_friends=false
179,2,Webエンジニア,副業,株式会社futurelabo,就活メディア事業の根幹を担うWebエンジニア募集！,https://www.wantedly.com/projects/730508?filter_params%5Bauthorized%5D=true&filter_params%5Bcategory%5D=normal&filter_params%5Bcountry%5D=japan&filter_params%5Bkeywords%5D%5B%5D=%E3%82%A2%E3%83%AB%E3%83%90%E3%82%A4%E3%83%88&filter_params%5Blocations%5D%5B%5D=kanto&filter_params%5Boccupation_types%5D%5B%5D=jp__engineering&filter_type=mixed&list=10&page=18&show_working_friends=false
