0,【正社員前提】開発会社でWEB制作！実務未経験者の応募OK✨ 正社員への紹介予定派遣,https://haken.en-japan.com/w_65552315/
1,CCNA一発合格✿研修＆無料勉強会も！今日からNWエンジニア 派遣,https://haken.en-japan.com/w_64891361/
2,ケーブル抜く！ランプ確認！シンプルなのに将来性抜群✨メカ点検 派遣,https://haken.en-japan.com/w_63470948/
3,Webドキュメント作成担当＠週4リモート＋週1出社＠品川駅 派遣,https://haken.en-japan.com/w_64921006/
4,サイバーエージェント新規部署でバナーデザイン！週の半分在宅可 派遣,https://haken.en-japan.com/w_64232419/
5,時給2100円！ネットワークのお仕事＊BIG-IP 関連作業 派遣,https://haken.en-japan.com/w_65439334/
6,未経験OK！イチから教えてもらえるシステム運用監視 派遣,https://haken.en-japan.com/w_65466964/
7,全てマニュアルがあるから安心！金融系システムのオペレーター 派遣,https://haken.en-japan.com/w_64588404/
8,未経験OK！メガバンクグループ企業＊画面チェックと報告のみ 派遣,https://haken.en-japan.com/w_63909885/
9,在宅あり！週3～勤務！エッジAIデバイス開発企業で社内SE 派遣,https://haken.en-japan.com/w_65223421/
10,ジュニアテストエンジニア 派遣,https://haken.en-japan.com/w_64542582/
11,土日祝休み！都内に勤務地多数▶サーバー等の保守業務✧日払い 派遣,https://haken.en-japan.com/w_64923338/
12,【在宅勤務】8名募集▶人事・給与システムの検証♬日払い 派遣,https://haken.en-japan.com/w_65463099/
13,【テレワーク】2ヶ月半の短期▶WEBサイトのテスト設計・実施 派遣,https://haken.en-japan.com/w_65436229/
14,【未経験OK】即日～大量募集！Javaプログラマ募集！ 派遣,https://haken.en-japan.com/w_63261406/
15,【フルリモート＊未経験OK】NW知識・経験が活かせるPMO 派遣,https://haken.en-japan.com/w_63084051/
16,ゆったりフルリモ✰Web講演や医療動画の大手♩Webデザイン 派遣,https://haken.en-japan.com/w_65434333/
17,時給1780円！朝遅め：築地でのお仕事/事務 派遣,https://haken.en-japan.com/w_65641087/
18,時給1800円！大手：飯田橋でのお仕事/事務 派遣,https://haken.en-japan.com/w_65641295/
19,時給1700円！大手：大手町でのお仕事/事務 派遣,https://haken.en-japan.com/w_65641053/
20,時給1700円！大手：新宿でのお仕事/事務 派遣,https://haken.en-japan.com/w_65641047/
21,未経験さん⇒簡単なデータ入力からスタート！サイト運営＊管理 派遣,https://haken.en-japan.com/w_65640762/
22,正社員登用あり＼電験の資格活かせる／未経験OK＠田町 派遣,https://haken.en-japan.com/w_63897472/
23,HTML使えるなら＊経験不問！かんたんアプリ運用＠月28万～ 派遣,https://haken.en-japan.com/w_63794997/
24,20～30代活躍中♬【渋谷区】ＴＶ局で映像運用監視のお仕事 正社員への紹介予定派遣,https://haken.en-japan.com/w_65348873/
25,渋谷大手ＴＶ局で英語力を活かせる社内SEのお仕事 派遣,https://haken.en-japan.com/w_65313221/
26,研修があるからＩＴ未経験OKの運用保守✨研修体制バッチリ！ 派遣,https://haken.en-japan.com/w_55479244/
27,＼駅から2分！／アパレルECのメルマガ配信・集計☀服装自由 派遣,https://haken.en-japan.com/w_65638137/
28,《28万》夜勤OKならどなたでも！こつこつアクセスチェック 派遣,https://haken.en-japan.com/w_63341999/
29,《14日で27万》年収1000万の自分へ！大勝利システム監視 派遣,https://haken.en-japan.com/w_61288348/
