未経験歓迎！小説・マンガ投稿サイトに携わるUIデザイナー,https://haken.en-japan.com/w_46516667/
≪在宅≫未経験OK！医療系ネットサービス／Webディレクター,https://haken.en-japan.com/w_64344574/
【未経験OK×残業なし】システムの監視＠小田急永山,https://haken.en-japan.com/w_63109833/
NHKグループでの映像著作権管理のお仕事です！,https://haken.en-japan.com/w_65277006/
未経験OK！メガバンクグループ企業＊画面チェックと報告のみ,https://haken.en-japan.com/w_63909885/
未経験OK！残業少なめ！大手証券会社で活躍するコーダー！,https://haken.en-japan.com/w_59608001/
【未経験OK】夜勤ありでしっかり稼げる＊セキュリティ運用監視,https://haken.en-japan.com/w_65271900/
≪在宅≫未経験OK！人気電子書籍アプリ／運営アシスタント,https://haken.en-japan.com/w_59577941/
時給2650＜ABAP、SQL＞基幹システム運用保守＠護国寺,https://haken.en-japan.com/w_64524765/
【シフト勤務・通信ネットワーク運用監視】実務経験の浅い方歓迎,https://haken.en-japan.com/w_60682689/
月収28万円～！出社は月数回＊在宅メインのSEアシスタント,https://haken.en-japan.com/w_65223848/
Webドキュメント作成担当＠週4リモート＋週1出社＠品川駅,https://haken.en-japan.com/w_64921006/
サイバーエージェント新規部署でバナーデザイン！週の半分在宅可,https://haken.en-japan.com/w_64232419/
《ITを1から学べる》時1700円！ICT機器設定・設置作業,https://haken.en-japan.com/w_64603756/
他のついでじゃ物足りない！SAS・VBAで分析のプロになる✨,https://haken.en-japan.com/w_64721117/
【30万】めざせOracleマスター！実務で学ぶデータベース,https://haken.en-japan.com/w_64423384/
経験不問⇒AWSも学べる！慣れたら在宅OK＊日勤システム保守,https://haken.en-japan.com/w_64374616/
【在宅有】CMSシステム保守開発[C言語]＠五反田▼月45万,https://haken.en-japan.com/w_64883499/
【在宅×時短】未経験OK＊WEBディレクターのアシスタント,https://haken.en-japan.com/w_65283143/
【時給2100円】Excel事務スキルを活かせる！＠東池袋,https://haken.en-japan.com/w_63330109/
【長期】時給1600円～▶IT系現場リーダー業務！未経験歓迎,https://haken.en-japan.com/w_65288917/
収入アップの近道！＜ExcelVBA＞でプログラマーに＊,https://haken.en-japan.com/w_63777132/
【40万×在宅】日立グループで急成長＊マルチに活躍！NW構築,https://haken.en-japan.com/w_60627016/
近場で効率よく！夜勤が出来ればスキル不問＊モニターチェック,https://haken.en-japan.com/w_63371059/
一生モノのスキルが手に！未経験から＜クラウドエンジニア＞へ✿,https://haken.en-japan.com/w_63250052/
もっと＜VBA＞のスキルを極める！経験値高まる＊ツール作成,https://haken.en-japan.com/w_63248868/
ネットワーク知識が身に付いておトク✨今が旬な【IT事務】,https://haken.en-japan.com/w_63247988/
時給3000円≪OJT有＊学卒レベル可≫NW設定・構築＠麹町,https://haken.en-japan.com/w_65354581/
2000円〈即日～〉iPhone系サービス開発⇒スキルUP,https://haken.en-japan.com/w_65354560/
＼急募／未経験ＯK❀９８％在宅勤務、社員登用もあります！,https://haken.en-japan.com/w_65354425/
