0,＜神保町/即日開始＞WEBクラウドシステムのPoC開発 派遣,https://haken.en-japan.com/w_64851829/
1,未経験OK！正社員へのチャンス！IT・通信業界へトライ！！ 正社員への紹介予定派遣,https://haken.en-japan.com/w_49659498/
2,未経験歓迎！小説・マンガ投稿サイトに携わるUIデザイナー 派遣,https://haken.en-japan.com/w_46516667/
3,≪在宅≫未経験OK！医療系ネットサービス／Webディレクター 派遣,https://haken.en-japan.com/w_64344574/
4,【未経験OK×残業なし】システムの監視＠小田急永山 派遣,https://haken.en-japan.com/w_63109833/
5,NHKグループでの映像著作権管理のお仕事です！ 派遣,https://haken.en-japan.com/w_65277006/
6,未経験OK！メガバンクグループ企業＊画面チェックと報告のみ 派遣,https://haken.en-japan.com/w_63909885/
7,未経験OK！残業少なめ！大手証券会社で活躍するコーダー！ 派遣,https://haken.en-japan.com/w_59608001/
8,【未経験OK】夜勤ありでしっかり稼げる＊セキュリティ運用監視 派遣,https://haken.en-japan.com/w_65271900/
9,≪在宅≫未経験OK！人気電子書籍アプリ／運営アシスタント 派遣,https://haken.en-japan.com/w_59577941/
10,時給2650＜ABAP、SQL＞基幹システム運用保守＠護国寺 派遣,https://haken.en-japan.com/w_64524765/
11,【シフト勤務・通信ネットワーク運用監視】実務経験の浅い方歓迎 派遣,https://haken.en-japan.com/w_60682689/
12,月収28万円～！出社は月数回＊在宅メインのSEアシスタント 派遣,https://haken.en-japan.com/w_65223848/
13,Webドキュメント作成担当＠週4リモート＋週1出社＠品川駅 派遣,https://haken.en-japan.com/w_64921006/
14,サイバーエージェント新規部署でバナーデザイン！週の半分在宅可 派遣,https://haken.en-japan.com/w_64232419/
15,《ITを1から学べる》時1700円！ICT機器設定・設置作業 派遣,https://haken.en-japan.com/w_64603756/
16,他のついでじゃ物足りない！SAS・VBAで分析のプロになる✨ 派遣,https://haken.en-japan.com/w_64721117/
17,【30万】めざせOracleマスター！実務で学ぶデータベース 派遣,https://haken.en-japan.com/w_64423384/
18,経験不問⇒AWSも学べる！慣れたら在宅OK＊日勤システム保守 派遣,https://haken.en-japan.com/w_64374616/
19,【在宅有】CMSシステム保守開発[C言語]＠五反田▼月45万 派遣,https://haken.en-japan.com/w_64883499/
20,【在宅×時短】未経験OK＊WEBディレクターのアシスタント 派遣,https://haken.en-japan.com/w_65283143/
21,【時給2100円】Excel事務スキルを活かせる！＠東池袋 派遣,https://haken.en-japan.com/w_63330109/
22,【長期】時給1600円～▶IT系現場リーダー業務！未経験歓迎 派遣,https://haken.en-japan.com/w_65288917/
23,収入アップの近道！＜ExcelVBA＞でプログラマーに＊ 派遣,https://haken.en-japan.com/w_63777132/
24,【40万×在宅】日立グループで急成長＊マルチに活躍！NW構築 派遣,https://haken.en-japan.com/w_60627016/
25,近場で効率よく！夜勤が出来ればスキル不問＊モニターチェック 派遣,https://haken.en-japan.com/w_63371059/
26,一生モノのスキルが手に！未経験から＜クラウドエンジニア＞へ✿ 派遣,https://haken.en-japan.com/w_63250052/
27,もっと＜VBA＞のスキルを極める！経験値高まる＊ツール作成 派遣,https://haken.en-japan.com/w_63248868/
28,ネットワーク知識が身に付いておトク✨今が旬な【IT事務】 派遣,https://haken.en-japan.com/w_63247988/
29,時給3000円≪OJT有＊学卒レベル可≫NW設定・構築＠麹町 派遣,https://haken.en-japan.com/w_65354581/
