0,https://www.wantedly.com/projects/1031455,一人目エンジニア！日本最大級の海外メディア事業を開発したいエンジニア募集！
1,https://www.wantedly.com/projects/390585,勢いを増すライブ領域で国内・海外の技術課題に挑むサーバエンジニア募集！
2,https://www.wantedly.com/projects/335866,ペアプロxTDDで、技術を追い求めるプロダクト開発エンジニアを募集
3,https://www.wantedly.com/projects/301170,Go言語で大規模トラフィックのサービス開発したい人！募集！
4,https://www.wantedly.com/projects/1087499,新規事業のスポーツNFTサービスにおけるサーバーサイドエンジニアを募集！
5,https://www.wantedly.com/projects/291371,Web3を牽引！ブロックチェーン×エンタメを手掛ける会社がエンジニア募集！
6,https://www.wantedly.com/projects/144968,新しい働き方を実現！フロントエンドエンジニア
7,https://www.wantedly.com/projects/1020231,大阪拠点_Kotlinで新規プロダクト開発をしたいエンジニア募集します！
8,https://www.wantedly.com/projects/1029755,名古屋｜Makuakeの新しいアーキテクチャ開発へ挑戦するエンジニア募集！
9,https://www.wantedly.com/projects/1027824,Ruby on Railsエンジニア！グローバル企業で設計からリリースまで
10,https://www.wantedly.com/projects/743940,名古屋 Web開発エンジニア ライフスタイルサポート事業
11,https://www.wantedly.com/projects/793814,100%自社開発！フロントエンドエンジニア！希望に応じたキャリア形成@東京
12,https://www.wantedly.com/projects/877050,フロントエンドエンジニア│React/TypeScriptで自社SFA開発
13,https://www.wantedly.com/projects/533353,モビリティSaaSやプラットフォームを開発するバックエンドエンジニア募集！
14,https://www.wantedly.com/projects/613808,NFT Web3 スタートアップで世界に向けて挑戦するエンジニア募集
15,https://www.wantedly.com/projects/245511,アドテクで世界一を！グローバルSaaSの立ち上げエンジニアWanted！
16,https://www.wantedly.com/projects/864307,グローバルなWeb3.0サービスを作りたいブロックチェーンエンジニア募集！
17,https://www.wantedly.com/projects/603476,空飛ぶクルマ/ドローン向けシステムのバックエンドエンジニア募集
18,https://www.wantedly.com/projects/589210,急成長中の医療メディアでインフラマネジメントを大募集！
19,https://www.wantedly.com/projects/1086137,IoT×Webサービスで暮らしの便利を実装するエンジニア募集！
20,https://www.wantedly.com/projects/1094115,英国スタートアップ企業！グローバルで活躍したいフルスタックエンジニア募集
21,https://www.wantedly.com/projects/905337,デュエル・マスターズを共に遊び、共に働くプログラマー大募集！
22,https://www.wantedly.com/projects/620564,料理をもっと楽しみに！大規模サービスのサーバーサイドエンジニア募集！
23,https://www.wantedly.com/projects/370101,エンジニア視点でデザインと向き合いたいフロントエンドエンジニアWanted
24,https://www.wantedly.com/projects/1074054,意欲とポテンシャル重視！自社サービス開発を担う｜フロントエンドエンジニア　
25,https://www.wantedly.com/projects/192998,Laravel/Vue.js(Nuxt.js)で開発したいエンジニア募集！
26,https://www.wantedly.com/projects/1071816,グローバルWebエンジニア / 開発経験と英語を活かせる開発ポジション
27,https://www.wantedly.com/projects/452984,トラフィック急増中のメタバースプラットフォームを支えるサーバーエンジニア
28,https://www.wantedly.com/projects/302099,都会の喧騒を離れGo言語で開発したいサーバーサイドエンジニア募集
29,https://www.wantedly.com/projects/524509,アニメ制作の課題に、テクノロジーで挑戦したいエンジニアを募集します！
30,https://www.wantedly.com/projects/654901,VRゲーム制作のためのツール・エディターを作成するエンジニアを募集！
31,https://www.wantedly.com/projects/1078198,オンライン説明会実施！Webエンジニア募集！無印良品のECを作りませんか？
32,https://www.wantedly.com/projects/1057928,Go言語 +  Next.jsで自社サービスを開発したいエンジニア募集！
33,https://www.wantedly.com/projects/894358,新チーム立ち上げ！データドリブン組織への大変革を支えるデータエンジニア募集
34,https://www.wantedly.com/projects/889681,Golang/GCP  自社プロダクトの開発を手伝ってください!!
35,https://www.wantedly.com/projects/659263,自社開発サービス！言語学習にイノベーションを起こす、バックエンドエンジニア
36,https://www.wantedly.com/projects/164991,［実務経験不問］データサイエンティスト/機械学習エンジニアWanted！
37,https://www.wantedly.com/projects/261514,月間ユーザー1500万！優秀なチームで幅広いスキルを習得！エンジニア募集
38,https://www.wantedly.com/projects/413924,Pythonで開発に関わりたいWebエンジニアさん、INTLOOPへ！
39,https://www.wantedly.com/projects/675694,グローバルITメガベンチャーの急成長を支えるデータサイエンティスト募集！
40,https://www.wantedly.com/projects/880516,Webエンジニア経験があればGoやTypeScript経験がなくてもOK！
41,https://www.wantedly.com/projects/1089208,本音を引き出す1on1専用ツール｜フロントエンドエンジニア募集
42,https://www.wantedly.com/projects/869783,本業をしながらバックエンドエンジニアとして社会人インターンしてみませんか？
43,https://www.wantedly.com/projects/801692,モノリシックなシステムのマイクロサービス化推進を担うエンジニア大募集中！
44,https://www.wantedly.com/projects/834647,GO言語でリアル×デジタルの新規マーケティングプラットフォーム開発！
45,https://www.wantedly.com/projects/254293,バックエンド開発でApple出身CTOと製造業を変革するエンジニアを募集！
46,https://www.wantedly.com/projects/401851,住み放題サービスを次なるステージへ導くバックエンドエンジニア募集！
47,https://www.wantedly.com/projects/300985,圧倒的スピードとチーム力で、情報を最適に届けるサーバーサイドエンジニア！
48,https://www.wantedly.com/projects/78045,ハードウェアスタートアップのサーバサイド開発エンジニア募集！
49,https://www.wantedly.com/projects/657993,パートナーとして！コーディングが得意なエンジニアさんを探しています！
50,https://www.wantedly.com/projects/631965,ベンチャー企業で最先端のWeb3.0分野を｜GOエンジニア募集！
51,https://www.wantedly.com/projects/1094557,Web3.0時代のプロダクトを開発するエンジニア募集
52,https://www.wantedly.com/projects/1088291,Go言語でカミナシを開発するシニアソフトウェアエンジニア募集！
53,https://www.wantedly.com/projects/1081172,AI・Cloud・IoTを強みにしてキャリアの幅を広げたいエンジニア募集
54,https://www.wantedly.com/projects/1037539,ファミリーマートの変革に向けたアプリケーションの企画・開発・運用を募集！！
55,https://www.wantedly.com/projects/1020402,旅をもっと楽しく！新しい価値を生み出し続けるフロントエンジニア募集
56,https://www.wantedly.com/projects/666597,地方からジョイン歓迎！DXを進める自社開発でフリーランスエンジニアの募集
57,https://www.wantedly.com/projects/1075820,ヘルステックスタートアップでAWSを駆使するインフラエンジニアを募集！
58,https://www.wantedly.com/projects/644458,新規サービスから大規模サービスまで、基盤を作り支えるインフラエンジニア募集
59,https://www.wantedly.com/projects/765376,名古屋初エンジニア採用！自社サービスのLP/バナー制作などをお任せします
60,https://www.wantedly.com/projects/224138,サーバー エンジニアを募集しています！
61,https://www.wantedly.com/projects/387005,ユーザー目線のフロントエンドエンジニア募集！マーケに強いITベンチャーです
62,https://www.wantedly.com/projects/1036777,モダン技術で研究開発したいWebエンジニア募集！
63,https://www.wantedly.com/projects/675403,最高のバイト選び体験を提供するために改善し続けられるWEBエンジニア募集！
64,https://www.wantedly.com/projects/748505, Amebaでサービス開発を担うWebフロントエンドエンジニアを募集！
65,https://www.wantedly.com/projects/67411,AWSを使ったシステム開発がしてみたい！システムエンジニア募集！
66,https://www.wantedly.com/projects/111311,次世代のリテールを再開発し、70万人のファンへ届けるエンジニア募集！
67,https://www.wantedly.com/projects/647480,最先端グローバルAIスタートアップの技術の中核を担うインフラエンジニア募集
68,https://www.wantedly.com/projects/586742,求人サイトGreenのフルリニューアルを手掛けるフロントエンドを募集
69,https://www.wantedly.com/projects/1019909,新技術も積極採用！次世代広告プラットフォームのフロントエンドエンジニア募集
70,https://www.wantedly.com/projects/803812,留学や英語学習にイノベーションを起こしたいサービス開発エンジニア募集！
71,https://www.wantedly.com/projects/330937,Bangladeshエンジニアと仕事をしたいエンジニアさんWanted！
72,https://www.wantedly.com/projects/223852,ソーシャルゲームのサーバーエンジニア大募集！！！
73,https://www.wantedly.com/projects/595783,次世代の経営教育モデルの研究開発を推進するバックエンドエンジニア募集
74,https://www.wantedly.com/projects/909872,Wantedlyの技術的負債を解消してくれるRailsエンジニア募集
75,https://www.wantedly.com/projects/854947,ReactやVue.js|モダンな技術を用いてフロントエンドの技術力UP！
76,https://www.wantedly.com/projects/449550,新しい技術にチャレンジしたい方を応援します、Pythonエンジニア募集中！
77,https://www.wantedly.com/projects/1063644,暮らしをもっとスマートに！Nature RemoのGoエンジニア募集！
78,https://www.wantedly.com/projects/570685,ペットテックにチャレンジ！エンジニア大募集！！
79,https://www.wantedly.com/projects/1095297,新興NoCodeサービスのグロースに取り組むフロントエンドエンジニアを募集
80,https://www.wantedly.com/projects/778584,国内最大級のドメインサービスに関わるバックエンドエンジニアを探しています
81,https://www.wantedly.com/projects/1063918,資金調達済み/IPO目標｜新しい社会インフラを創るCTO候補WANTED！
82,https://www.wantedly.com/projects/1096880,完全自社内AWSインフラエンジニア募集
83,https://www.wantedly.com/projects/1029802,仮想通貨・Web3.0スタートアップでエンジニア募集中！
84,https://www.wantedly.com/projects/874474,自社サービスのフロントエンドエンジニア！HTMLやCSSのスキルが活きる！
85,https://www.wantedly.com/projects/638856,最先端技術への挑戦！イシュードリブンなエンジニアを募集
86,https://www.wantedly.com/projects/1029273,スマートライフプラットフォーム開発をリードするフロントエンドエンジニア募集
87,https://www.wantedly.com/projects/1090195,AWS、Reactなどモダン技術に関わりさらに成長したいエンジニア募集！
88,https://www.wantedly.com/projects/1052929,React/Typescriptで事業立ち上げに携わりたいエンジニア募集!
89,https://www.wantedly.com/projects/877239,Rustで新マイクロサービスのバックエンド開発に一緒に挑戦したい方募集！
90,https://www.wantedly.com/projects/1074118,個人の方求む！WEBシステムの開発を対応いただけるエンジニア
91,https://www.wantedly.com/projects/1047639,スクール卒業生歓迎！本気で成長したいエンジニアWANTED！
92,https://www.wantedly.com/projects/519237,アメリカ発の英語スクールで社内DXを牽引するデータエンジニアを募集！
93,https://www.wantedly.com/projects/1073830,インフラレイヤーの継続的改善を担うSRE募集｜22年5月シリーズB調達
94,https://www.wantedly.com/projects/208841,越境できるQAへ！アジャイル品質を追求するQAエンジニアを募集！
95,https://www.wantedly.com/projects/492076,Chatworkの可用性・パフォーマンスの維持向上を行う、SRE募集！
96,https://www.wantedly.com/projects/384788,海外で活躍する製品の開発に一緒に挑戦してれるエンジニアWanted！！
97,https://www.wantedly.com/projects/1030629,IoT・組込開発！介護施設で利用されるハードウェアの開発エンジニア募集
98,https://www.wantedly.com/projects/49381,コード書くのが好きWeb好きなプログラマーウォンテッド！
99,https://www.wantedly.com/projects/246453,C#×自社プロダクト×出社なし｜製造業向けSaaSベンチャーの開発リーダー
100,https://www.wantedly.com/projects/1077024, AI×フィットネス！WEB/フロントエンドエンジニア募集！
101,https://www.wantedly.com/projects/212109,自由な働き方で自社サービスの開発に携われるエンジニア募集！！
102,https://www.wantedly.com/projects/733520,社外常駐なし！ Webシステム開発に携わるバックエンドエンジニア募集
103,https://www.wantedly.com/projects/385050,チャットボット開発のスタートアップエンジニアになってみませんか？
104,https://www.wantedly.com/projects/45035,柔軟な分析ワークロードを実現するデータパイプライン作りたいエンジニア募集！
105,https://www.wantedly.com/projects/277476,業務拡大につき開発が好きなエンジニアを積極採用します！
106,https://www.wantedly.com/projects/1076027,"65,000社超のユーザーが利用するPR TIMESのフロントエンド募集！"
107,https://www.wantedly.com/projects/632293,自宅で勤務&柔軟な働き方が可能｜プライベートも大切にしたいエンジニア募集！
108,https://www.wantedly.com/projects/765997,Go/k8sを使ったメッセージング管理サービスを開発するエンジニア募集！
109,https://www.wantedly.com/projects/707011,創作活動を支援する！FANBOXのサーバーサイドエンドエンジニアを募集！
110,https://www.wantedly.com/projects/46856,コードで課題を解決する、フロント/バックエンドWEBエンジニア募集！
111,https://www.wantedly.com/projects/640662,"Ruby,Go,Pythonから選べます！HR×SaaSのバックエンド開発"
112,https://www.wantedly.com/projects/23599,ユーザーに直接価値を提供。最高の環境でエンジニア成長痛、感じてみないか？
113,https://www.wantedly.com/projects/1044148,顧客のVXを目指す！現実世界と仮想世界を融合するUnityエンジニアを募集
114,https://www.wantedly.com/projects/519346,企画から実装まで！事業目線でサービスを作りたいサーバサイドエンジニア募集
115,https://www.wantedly.com/projects/433999,Scala×サーバーサイドエンジニア！製造業を支えるプラットホーム開発！
116,https://www.wantedly.com/projects/1064343,Web3×グローバル×社会貢献領域で活躍したいフルスタックエンジニア募集！
117,https://www.wantedly.com/projects/883712,バーチャルライブ配信システムの開発業務に興味ある方募集！
118,https://www.wantedly.com/projects/884171,メタバースPJで一人目となるフロントエンドエンジニア募集！！
119,https://www.wantedly.com/projects/1091529, 20.3億円調達/飲食業界の課題解決を担うSWEを募集！
